{"op_code":0,"worker_id":"e82516cf-8304-4c1c-ad14-1e3d94ab0378-8728161344","study_name":"task_3","directions":[1]}
{"op_code":4,"worker_id":"e82516cf-8304-4c1c-ad14-1e3d94ab0378-8728161344","study_id":0,"datetime_start":"2026-06-07T20:03:34.564907"}
{"op_code":5,"worker_id":"e82516cf-8304-4c1c-ad14-1e3d94ab0378-8728161344","trial_id":0,"param_name":"lr","param_value_internal":2.6359883203773537e-05,"distribution":"{\"name\": \"FloatDistribution\", \"attributes\": {\"step\": null, \"low\": 1e-05, \"high\": 0.1, \"log\": true}}"}
{"op_code":5,"worker_id":"e82516cf-8304-4c1c-ad14-1e3d94ab0378-8728161344","trial_id":0,"param_name":"batch_size","param_value_internal":2253.0,"distribution":"{\"name\": \"IntDistribution\", \"attributes\": {\"log\": false, \"step\": 1, \"low\": 32, \"high\": 4096}}"}
{"op_code":5,"worker_id":"e82516cf-8304-4c1c-ad14-1e3d94ab0378-8728161344","trial_id":0,"param_name":"n_hidden","param_value_internal":5.0,"distribution":"{\"name\": \"IntDistribution\", \"attributes\": {\"log\": false, \"step\": 1, \"low\": 1, \"high\": 16}}"}
{"op_code":5,"worker_id":"e82516cf-8304-4c1c-ad14-1e3d94ab0378-8728161344","trial_id":0,"param_name":"hidden_dim","param_value_internal":148.0,"distribution":"{\"name\": \"IntDistribution\", \"attributes\": {\"log\": false, \"step\": 1, \"low\": 4, \"high\": 512}}"}
{"op_code":6,"worker_id":"e82516cf-8304-4c1c-ad14-1e3d94ab0378-8728161344","trial_id":0,"state":1,"values":[0.7491350293159484],"datetime_complete":"2026-06-07T20:03:48.452645"}
{"op_code":4,"worker_id":"e82516cf-8304-4c1c-ad14-1e3d94ab0378-8728161344","study_id":0,"datetime_start":"2026-06-07T20:03:48.454230"}
{"op_code":5,"worker_id":"e82516cf-8304-4c1c-ad14-1e3d94ab0378-8728161344","trial_id":1,"param_name":"lr","param_value_internal":1.1967971671909655e-05,"distribution":"{\"name\": \"FloatDistribution\", \"attributes\": {\"step\": null, \"low\": 1e-05, \"high\": 0.1, \"log\": true}}"}
{"op_code":5,"worker_id":"e82516cf-8304-4c1c-ad14-1e3d94ab0378-8728161344","trial_id":1,"param_name":"batch_size","param_value_internal":1261.0,"distribution":"{\"name\": \"IntDistribution\", \"attributes\": {\"log\": false, \"step\": 1, \"low\": 32, \"high\": 4096}}"}
{"op_code":5,"worker_id":"e82516cf-8304-4c1c-ad14-1e3d94ab0378-8728161344","trial_id":1,"param_name":"n_hidden","param_value_internal":16.0,"distribution":"{\"name\": \"IntDistribution\", \"attributes\": {\"log\": false, \"step\": 1, \"low\": 1, \"high\": 16}}"}
{"op_code":5,"worker_id":"e82516cf-8304-4c1c-ad14-1e3d94ab0378-8728161344","trial_id":1,"param_name":"hidden_dim","param_value_internal":509.0,"distribution":"{\"name\": \"IntDistribution\", \"attributes\": {\"log\": false, \"step\": 1, \"low\": 4, \"high\": 512}}"}
{"op_code":6,"worker_id":"e82516cf-8304-4c1c-ad14-1e3d94ab0378-8728161344","trial_id":1,"state":1,"values":[0.4556723594665527],"datetime_complete":"2026-06-07T20:04:43.301030"}
{"op_code":4,"worker_id":"e82516cf-8304-4c1c-ad14-1e3d94ab0378-8728161344","study_id":0,"datetime_start":"2026-06-07T20:04:43.305435"}
{"op_code":5,"worker_id":"e82516cf-8304-4c1c-ad14-1e3d94ab0378-8728161344","trial_id":2,"param_name":"lr","param_value_internal":0.00027614361084965115,"distribution":"{\"name\": \"FloatDistribution\", \"attributes\": {\"step\": null, \"low\": 1e-05, \"high\": 0.1, \"log\": true}}"}
{"op_code":5,"worker_id":"e82516cf-8304-4c1c-ad14-1e3d94ab0378-8728161344","trial_id":2,"param_name":"batch_size","param_value_internal":326.0,"distribution":"{\"name\": \"IntDistribution\", \"attributes\": {\"log\": false, \"step\": 1, \"low\": 32, \"high\": 4096}}"}
{"op_code":5,"worker_id":"e82516cf-8304-4c1c-ad14-1e3d94ab0378-8728161344","trial_id":2,"param_name":"n_hidden","param_value_internal":15.0,"distribution":"{\"name\": \"IntDistribution\", \"attributes\": {\"log\": false, \"step\": 1, \"low\": 1, \"high\": 16}}"}
{"op_code":5,"worker_id":"e82516cf-8304-4c1c-ad14-1e3d94ab0378-8728161344","trial_id":2,"param_name":"hidden_dim","param_value_internal":167.0,"distribution":"{\"name\": \"IntDistribution\", \"attributes\": {\"log\": false, \"step\": 1, \"low\": 4, \"high\": 512}}"}
{"op_code":6,"worker_id":"e82516cf-8304-4c1c-ad14-1e3d94ab0378-8728161344","trial_id":2,"state":1,"values":[0.22179364860057832],"datetime_complete":"2026-06-07T20:05:36.023070"}
{"op_code":4,"worker_id":"e82516cf-8304-4c1c-ad14-1e3d94ab0378-8728161344","study_id":0,"datetime_start":"2026-06-07T20:05:36.026469"}
{"op_code":5,"worker_id":"e82516cf-8304-4c1c-ad14-1e3d94ab0378-8728161344","trial_id":3,"param_name":"lr","param_value_internal":4.4502695681533277e-05,"distribution":"{\"name\": \"FloatDistribution\", \"attributes\": {\"step\": null, \"low\": 1e-05, \"high\": 0.1, \"log\": true}}"}
{"op_code":5,"worker_id":"e82516cf-8304-4c1c-ad14-1e3d94ab0378-8728161344","trial_id":3,"param_name":"batch_size","param_value_internal":2249.0,"distribution":"{\"name\": \"IntDistribution\", \"attributes\": {\"log\": false, \"step\": 1, \"low\": 32, \"high\": 4096}}"}
{"op_code":5,"worker_id":"e82516cf-8304-4c1c-ad14-1e3d94ab0378-8728161344","trial_id":3,"param_name":"n_hidden","param_value_internal":4.0,"distribution":"{\"name\": \"IntDistribution\", \"attributes\": {\"log\": false, \"step\": 1, \"low\": 1, \"high\": 16}}"}
{"op_code":5,"worker_id":"e82516cf-8304-4c1c-ad14-1e3d94ab0378-8728161344","trial_id":3,"param_name":"hidden_dim","param_value_internal":100.0,"distribution":"{\"name\": \"IntDistribution\", \"attributes\": {\"log\": false, \"step\": 1, \"low\": 4, \"high\": 512}}"}
{"op_code":6,"worker_id":"e82516cf-8304-4c1c-ad14-1e3d94ab0378-8728161344","trial_id":3,"state":1,"values":[0.6982967257499695],"datetime_complete":"2026-06-07T20:05:48.295110"}
{"op_code":4,"worker_id":"e82516cf-8304-4c1c-ad14-1e3d94ab0378-8728161344","study_id":0,"datetime_start":"2026-06-07T20:05:48.296441"}
{"op_code":5,"worker_id":"e82516cf-8304-4c1c-ad14-1e3d94ab0378-8728161344","trial_id":4,"param_name":"lr","param_value_internal":0.013294509396160099,"distribution":"{\"name\": \"FloatDistribution\", \"attributes\": {\"step\": null, \"low\": 1e-05, \"high\": 0.1, \"log\": true}}"}
{"op_code":5,"worker_id":"e82516cf-8304-4c1c-ad14-1e3d94ab0378-8728161344","trial_id":4,"param_name":"batch_size","param_value_internal":551.0,"distribution":"{\"name\": \"IntDistribution\", \"attributes\": {\"log\": false, \"step\": 1, \"low\": 32, \"high\": 4096}}"}
{"op_code":5,"worker_id":"e82516cf-8304-4c1c-ad14-1e3d94ab0378-8728161344","trial_id":4,"param_name":"n_hidden","param_value_internal":6.0,"distribution":"{\"name\": \"IntDistribution\", \"attributes\": {\"log\": false, \"step\": 1, \"low\": 1, \"high\": 16}}"}
{"op_code":5,"worker_id":"e82516cf-8304-4c1c-ad14-1e3d94ab0378-8728161344","trial_id":4,"param_name":"hidden_dim","param_value_internal":393.0,"distribution":"{\"name\": \"IntDistribution\", \"attributes\": {\"log\": false, \"step\": 1, \"low\": 4, \"high\": 512}}"}
{"op_code":6,"worker_id":"e82516cf-8304-4c1c-ad14-1e3d94ab0378-8728161344","trial_id":4,"state":1,"values":[0.20453162491321564],"datetime_complete":"2026-06-07T20:06:11.093052"}
{"op_code":4,"worker_id":"e82516cf-8304-4c1c-ad14-1e3d94ab0378-8728161344","study_id":0,"datetime_start":"2026-06-07T20:06:11.096218"}
{"op_code":5,"worker_id":"e82516cf-8304-4c1c-ad14-1e3d94ab0378-8728161344","trial_id":5,"param_name":"lr","param_value_internal":5.062789896689854e-05,"distribution":"{\"name\": \"FloatDistribution\", \"attributes\": {\"step\": null, \"low\": 1e-05, \"high\": 0.1, \"log\": true}}"}
{"op_code":5,"worker_id":"e82516cf-8304-4c1c-ad14-1e3d94ab0378-8728161344","trial_id":5,"param_name":"batch_size","param_value_internal":1612.0,"distribution":"{\"name\": \"IntDistribution\", \"attributes\": {\"log\": false, \"step\": 1, \"low\": 32, \"high\": 4096}}"}
{"op_code":5,"worker_id":"e82516cf-8304-4c1c-ad14-1e3d94ab0378-8728161344","trial_id":5,"param_name":"n_hidden","param_value_internal":10.0,"distribution":"{\"name\": \"IntDistribution\", \"attributes\": {\"log\": false, \"step\": 1, \"low\": 1, \"high\": 16}}"}
{"op_code":5,"worker_id":"e82516cf-8304-4c1c-ad14-1e3d94ab0378-8728161344","trial_id":5,"param_name":"hidden_dim","param_value_internal":307.0,"distribution":"{\"name\": \"IntDistribution\", \"attributes\": {\"log\": false, \"step\": 1, \"low\": 4, \"high\": 512}}"}
{"op_code":6,"worker_id":"e82516cf-8304-4c1c-ad14-1e3d94ab0378-8728161344","trial_id":5,"state":1,"values":[0.27750336825847627],"datetime_complete":"2026-06-07T20:06:29.559545"}
{"op_code":4,"worker_id":"e82516cf-8304-4c1c-ad14-1e3d94ab0378-8728161344","study_id":0,"datetime_start":"2026-06-07T20:06:29.560957"}
{"op_code":5,"worker_id":"e82516cf-8304-4c1c-ad14-1e3d94ab0378-8728161344","trial_id":6,"param_name":"lr","param_value_internal":0.011037953437635502,"distribution":"{\"name\": \"FloatDistribution\", \"attributes\": {\"step\": null, \"low\": 1e-05, \"high\": 0.1, \"log\": true}}"}
{"op_code":5,"worker_id":"e82516cf-8304-4c1c-ad14-1e3d94ab0378-8728161344","trial_id":6,"param_name":"batch_size","param_value_internal":3956.0,"distribution":"{\"name\": \"IntDistribution\", \"attributes\": {\"log\": false, \"step\": 1, \"low\": 32, \"high\": 4096}}"}
{"op_code":5,"worker_id":"e82516cf-8304-4c1c-ad14-1e3d94ab0378-8728161344","trial_id":6,"param_name":"n_hidden","param_value_internal":11.0,"distribution":"{\"name\": \"IntDistribution\", \"attributes\": {\"log\": false, \"step\": 1, \"low\": 1, \"high\": 16}}"}
{"op_code":5,"worker_id":"e82516cf-8304-4c1c-ad14-1e3d94ab0378-8728161344","trial_id":6,"param_name":"hidden_dim","param_value_internal":337.0,"distribution":"{\"name\": \"IntDistribution\", \"attributes\": {\"log\": false, \"step\": 1, \"low\": 4, \"high\": 512}}"}
{"op_code":6,"worker_id":"e82516cf-8304-4c1c-ad14-1e3d94ab0378-8728161344","trial_id":6,"state":1,"values":[0.2472887635231018],"datetime_complete":"2026-06-07T20:06:51.855344"}
{"op_code":4,"worker_id":"e82516cf-8304-4c1c-ad14-1e3d94ab0378-8728161344","study_id":0,"datetime_start":"2026-06-07T20:06:51.856702"}
{"op_code":5,"worker_id":"e82516cf-8304-4c1c-ad14-1e3d94ab0378-8728161344","trial_id":7,"param_name":"lr","param_value_internal":0.029239941008126817,"distribution":"{\"name\": \"FloatDistribution\", \"attributes\": {\"step\": null, \"low\": 1e-05, \"high\": 0.1, \"log\": true}}"}
{"op_code":5,"worker_id":"e82516cf-8304-4c1c-ad14-1e3d94ab0378-8728161344","trial_id":7,"param_name":"batch_size","param_value_internal":3656.0,"distribution":"{\"name\": \"IntDistribution\", \"attributes\": {\"log\": false, \"step\": 1, \"low\": 32, \"high\": 4096}}"}
{"op_code":5,"worker_id":"e82516cf-8304-4c1c-ad14-1e3d94ab0378-8728161344","trial_id":7,"param_name":"n_hidden","param_value_internal":15.0,"distribution":"{\"name\": \"IntDistribution\", \"attributes\": {\"log\": false, \"step\": 1, \"low\": 1, \"high\": 16}}"}
{"op_code":5,"worker_id":"e82516cf-8304-4c1c-ad14-1e3d94ab0378-8728161344","trial_id":7,"param_name":"hidden_dim","param_value_internal":137.0,"distribution":"{\"name\": \"IntDistribution\", \"attributes\": {\"log\": false, \"step\": 1, \"low\": 4, \"high\": 512}}"}
{"op_code":6,"worker_id":"e82516cf-8304-4c1c-ad14-1e3d94ab0378-8728161344","trial_id":7,"state":1,"values":[1.527668583393097],"datetime_complete":"2026-06-07T20:07:05.344460"}
{"op_code":4,"worker_id":"e82516cf-8304-4c1c-ad14-1e3d94ab0378-8728161344","study_id":0,"datetime_start":"2026-06-07T20:07:05.346033"}
{"op_code":5,"worker_id":"e82516cf-8304-4c1c-ad14-1e3d94ab0378-8728161344","trial_id":8,"param_name":"lr","param_value_internal":1.0238451147881629e-05,"distribution":"{\"name\": \"FloatDistribution\", \"attributes\": {\"step\": null, \"low\": 1e-05, \"high\": 0.1, \"log\": true}}"}
{"op_code":5,"worker_id":"e82516cf-8304-4c1c-ad14-1e3d94ab0378-8728161344","trial_id":8,"param_name":"batch_size","param_value_internal":2269.0,"distribution":"{\"name\": \"IntDistribution\", \"attributes\": {\"log\": false, \"step\": 1, \"low\": 32, \"high\": 4096}}"}
{"op_code":5,"worker_id":"e82516cf-8304-4c1c-ad14-1e3d94ab0378-8728161344","trial_id":8,"param_name":"n_hidden","param_value_internal":2.0,"distribution":"{\"name\": \"IntDistribution\", \"attributes\": {\"log\": false, \"step\": 1, \"low\": 1, \"high\": 16}}"}
{"op_code":5,"worker_id":"e82516cf-8304-4c1c-ad14-1e3d94ab0378-8728161344","trial_id":8,"param_name":"hidden_dim","param_value_internal":100.0,"distribution":"{\"name\": \"IntDistribution\", \"attributes\": {\"log\": false, \"step\": 1, \"low\": 4, \"high\": 512}}"}
{"op_code":6,"worker_id":"e82516cf-8304-4c1c-ad14-1e3d94ab0378-8728161344","trial_id":8,"state":1,"values":[1.8328858137130737],"datetime_complete":"2026-06-07T20:07:16.012689"}
{"op_code":4,"worker_id":"e82516cf-8304-4c1c-ad14-1e3d94ab0378-8728161344","study_id":0,"datetime_start":"2026-06-07T20:07:16.014052"}
{"op_code":5,"worker_id":"e82516cf-8304-4c1c-ad14-1e3d94ab0378-8728161344","trial_id":9,"param_name":"lr","param_value_internal":1.437967228998386e-05,"distribution":"{\"name\": \"FloatDistribution\", \"attributes\": {\"step\": null, \"low\": 1e-05, \"high\": 0.1, \"log\": true}}"}
{"op_code":5,"worker_id":"e82516cf-8304-4c1c-ad14-1e3d94ab0378-8728161344","trial_id":9,"param_name":"batch_size","param_value_internal":978.0,"distribution":"{\"name\": \"IntDistribution\", \"attributes\": {\"log\": false, \"step\": 1, \"low\": 32, \"high\": 4096}}"}
{"op_code":5,"worker_id":"e82516cf-8304-4c1c-ad14-1e3d94ab0378-8728161344","trial_id":9,"param_name":"n_hidden","param_value_internal":2.0,"distribution":"{\"name\": \"IntDistribution\", \"attributes\": {\"log\": false, \"step\": 1, \"low\": 1, \"high\": 16}}"}
{"op_code":5,"worker_id":"e82516cf-8304-4c1c-ad14-1e3d94ab0378-8728161344","trial_id":9,"param_name":"hidden_dim","param_value_internal":251.0,"distribution":"{\"name\": \"IntDistribution\", \"attributes\": {\"log\": false, \"step\": 1, \"low\": 4, \"high\": 512}}"}
{"op_code":6,"worker_id":"e82516cf-8304-4c1c-ad14-1e3d94ab0378-8728161344","trial_id":9,"state":1,"values":[0.47269791960716245],"datetime_complete":"2026-06-07T20:07:28.295811"}
{"op_code":4,"worker_id":"e82516cf-8304-4c1c-ad14-1e3d94ab0378-8728161344","study_id":0,"datetime_start":"2026-06-07T20:07:28.297200"}
{"op_code":5,"worker_id":"e82516cf-8304-4c1c-ad14-1e3d94ab0378-8728161344","trial_id":10,"param_name":"lr","param_value_internal":0.0029430483131533893,"distribution":"{\"name\": \"FloatDistribution\", \"attributes\": {\"step\": null, \"low\": 1e-05, \"high\": 0.1, \"log\": true}}"}
{"op_code":5,"worker_id":"e82516cf-8304-4c1c-ad14-1e3d94ab0378-8728161344","trial_id":10,"param_name":"batch_size","param_value_internal":420.0,"distribution":"{\"name\": \"IntDistribution\", \"attributes\": {\"log\": false, \"step\": 1, \"low\": 32, \"high\": 4096}}"}
{"op_code":5,"worker_id":"e82516cf-8304-4c1c-ad14-1e3d94ab0378-8728161344","trial_id":10,"param_name":"n_hidden","param_value_internal":7.0,"distribution":"{\"name\": \"IntDistribution\", \"attributes\": {\"log\": false, \"step\": 1, \"low\": 1, \"high\": 16}}"}
{"op_code":5,"worker_id":"e82516cf-8304-4c1c-ad14-1e3d94ab0378-8728161344","trial_id":10,"param_name":"hidden_dim","param_value_internal":467.0,"distribution":"{\"name\": \"IntDistribution\", \"attributes\": {\"log\": false, \"step\": 1, \"low\": 4, \"high\": 512}}"}
{"op_code":6,"worker_id":"e82516cf-8304-4c1c-ad14-1e3d94ab0378-8728161344","trial_id":10,"state":1,"values":[0.20446613132953645],"datetime_complete":"2026-06-07T20:08:02.198558"}
{"op_code":4,"worker_id":"e82516cf-8304-4c1c-ad14-1e3d94ab0378-8728161344","study_id":0,"datetime_start":"2026-06-07T20:08:02.202165"}
{"op_code":5,"worker_id":"e82516cf-8304-4c1c-ad14-1e3d94ab0378-8728161344","trial_id":11,"param_name":"lr","param_value_internal":0.0034285782032002065,"distribution":"{\"name\": \"FloatDistribution\", \"attributes\": {\"step\": null, \"low\": 1e-05, \"high\": 0.1, \"log\": true}}"}
{"op_code":5,"worker_id":"e82516cf-8304-4c1c-ad14-1e3d94ab0378-8728161344","trial_id":11,"param_name":"batch_size","param_value_internal":49.0,"distribution":"{\"name\": \"IntDistribution\", \"attributes\": {\"log\": false, \"step\": 1, \"low\": 32, \"high\": 4096}}"}
{"op_code":5,"worker_id":"e82516cf-8304-4c1c-ad14-1e3d94ab0378-8728161344","trial_id":11,"param_name":"n_hidden","param_value_internal":7.0,"distribution":"{\"name\": \"IntDistribution\", \"attributes\": {\"log\": false, \"step\": 1, \"low\": 1, \"high\": 16}}"}
{"op_code":5,"worker_id":"e82516cf-8304-4c1c-ad14-1e3d94ab0378-8728161344","trial_id":11,"param_name":"hidden_dim","param_value_internal":473.0,"distribution":"{\"name\": \"IntDistribution\", \"attributes\": {\"log\": false, \"step\": 1, \"low\": 4, \"high\": 512}}"}
{"op_code":6,"worker_id":"e82516cf-8304-4c1c-ad14-1e3d94ab0378-8728161344","trial_id":11,"state":1,"values":[0.2064732939004898],"datetime_complete":"2026-06-07T20:11:30.061713"}
{"op_code":4,"worker_id":"e82516cf-8304-4c1c-ad14-1e3d94ab0378-8728161344","study_id":0,"datetime_start":"2026-06-07T20:11:30.066532"}
{"op_code":5,"worker_id":"e82516cf-8304-4c1c-ad14-1e3d94ab0378-8728161344","trial_id":12,"param_name":"lr","param_value_internal":0.0009839903579158258,"distribution":"{\"name\": \"FloatDistribution\", \"attributes\": {\"step\": null, \"low\": 1e-05, \"high\": 0.1, \"log\": true}}"}
{"op_code":5,"worker_id":"e82516cf-8304-4c1c-ad14-1e3d94ab0378-8728161344","trial_id":12,"param_name":"batch_size","param_value_internal":668.0,"distribution":"{\"name\": \"IntDistribution\", \"attributes\": {\"log\": false, \"step\": 1, \"low\": 32, \"high\": 4096}}"}
{"op_code":5,"worker_id":"e82516cf-8304-4c1c-ad14-1e3d94ab0378-8728161344","trial_id":12,"param_name":"n_hidden","param_value_internal":7.0,"distribution":"{\"name\": \"IntDistribution\", \"attributes\": {\"log\": false, \"step\": 1, \"low\": 1, \"high\": 16}}"}
{"op_code":5,"worker_id":"e82516cf-8304-4c1c-ad14-1e3d94ab0378-8728161344","trial_id":12,"param_name":"hidden_dim","param_value_internal":412.0,"distribution":"{\"name\": \"IntDistribution\", \"attributes\": {\"log\": false, \"step\": 1, \"low\": 4, \"high\": 512}}"}
{"op_code":6,"worker_id":"e82516cf-8304-4c1c-ad14-1e3d94ab0378-8728161344","trial_id":12,"state":1,"values":[0.19631913900375367],"datetime_complete":"2026-06-07T20:11:53.512506"}
{"op_code":4,"worker_id":"e82516cf-8304-4c1c-ad14-1e3d94ab0378-8728161344","study_id":0,"datetime_start":"2026-06-07T20:11:53.513808"}
{"op_code":5,"worker_id":"e82516cf-8304-4c1c-ad14-1e3d94ab0378-8728161344","trial_id":13,"param_name":"lr","param_value_internal":0.000797485480157421,"distribution":"{\"name\": \"FloatDistribution\", \"attributes\": {\"step\": null, \"low\": 1e-05, \"high\": 0.1, \"log\": true}}"}
{"op_code":5,"worker_id":"e82516cf-8304-4c1c-ad14-1e3d94ab0378-8728161344","trial_id":13,"param_name":"batch_size","param_value_internal":808.0,"distribution":"{\"name\": \"IntDistribution\", \"attributes\": {\"log\": false, \"step\": 1, \"low\": 32, \"high\": 4096}}"}
{"op_code":5,"worker_id":"e82516cf-8304-4c1c-ad14-1e3d94ab0378-8728161344","trial_id":13,"param_name":"n_hidden","param_value_internal":9.0,"distribution":"{\"name\": \"IntDistribution\", \"attributes\": {\"log\": false, \"step\": 1, \"low\": 1, \"high\": 16}}"}
{"op_code":5,"worker_id":"e82516cf-8304-4c1c-ad14-1e3d94ab0378-8728161344","trial_id":13,"param_name":"hidden_dim","param_value_internal":421.0,"distribution":"{\"name\": \"IntDistribution\", \"attributes\": {\"log\": false, \"step\": 1, \"low\": 4, \"high\": 512}}"}
{"op_code":6,"worker_id":"e82516cf-8304-4c1c-ad14-1e3d94ab0378-8728161344","trial_id":13,"state":1,"values":[0.19783624708652497],"datetime_complete":"2026-06-07T20:12:20.312116"}
{"op_code":4,"worker_id":"e82516cf-8304-4c1c-ad14-1e3d94ab0378-8728161344","study_id":0,"datetime_start":"2026-06-07T20:12:20.313491"}
{"op_code":5,"worker_id":"e82516cf-8304-4c1c-ad14-1e3d94ab0378-8728161344","trial_id":14,"param_name":"lr","param_value_internal":0.0003497808936673017,"distribution":"{\"name\": \"FloatDistribution\", \"attributes\": {\"step\": null, \"low\": 1e-05, \"high\": 0.1, \"log\": true}}"}
{"op_code":5,"worker_id":"e82516cf-8304-4c1c-ad14-1e3d94ab0378-8728161344","trial_id":14,"param_name":"batch_size","param_value_internal":3128.0,"distribution":"{\"name\": \"IntDistribution\", \"attributes\": {\"log\": false, \"step\": 1, \"low\": 32, \"high\": 4096}}"}
{"op_code":5,"worker_id":"e82516cf-8304-4c1c-ad14-1e3d94ab0378-8728161344","trial_id":14,"param_name":"n_hidden","param_value_internal":12.0,"distribution":"{\"name\": \"IntDistribution\", \"attributes\": {\"log\": false, \"step\": 1, \"low\": 1, \"high\": 16}}"}
{"op_code":5,"worker_id":"e82516cf-8304-4c1c-ad14-1e3d94ab0378-8728161344","trial_id":14,"param_name":"hidden_dim","param_value_internal":400.0,"distribution":"{\"name\": \"IntDistribution\", \"attributes\": {\"log\": false, \"step\": 1, \"low\": 4, \"high\": 512}}"}
{"op_code":6,"worker_id":"e82516cf-8304-4c1c-ad14-1e3d94ab0378-8728161344","trial_id":14,"state":1,"values":[0.26113192141056063],"datetime_complete":"2026-06-07T20:12:46.864423"}
{"op_code":4,"worker_id":"e82516cf-8304-4c1c-ad14-1e3d94ab0378-8728161344","study_id":0,"datetime_start":"2026-06-07T20:12:46.867540"}
{"op_code":5,"worker_id":"e82516cf-8304-4c1c-ad14-1e3d94ab0378-8728161344","trial_id":15,"param_name":"lr","param_value_internal":0.0005889761925873843,"distribution":"{\"name\": \"FloatDistribution\", \"attributes\": {\"step\": null, \"low\": 1e-05, \"high\": 0.1, \"log\": true}}"}
{"op_code":5,"worker_id":"e82516cf-8304-4c1c-ad14-1e3d94ab0378-8728161344","trial_id":15,"param_name":"batch_size","param_value_internal":1048.0,"distribution":"{\"name\": \"IntDistribution\", \"attributes\": {\"log\": false, \"step\": 1, \"low\": 32, \"high\": 4096}}"}
{"op_code":5,"worker_id":"e82516cf-8304-4c1c-ad14-1e3d94ab0378-8728161344","trial_id":15,"param_name":"n_hidden","param_value_internal":9.0,"distribution":"{\"name\": \"IntDistribution\", \"attributes\": {\"log\": false, \"step\": 1, \"low\": 1, \"high\": 16}}"}
{"op_code":5,"worker_id":"e82516cf-8304-4c1c-ad14-1e3d94ab0378-8728161344","trial_id":15,"param_name":"hidden_dim","param_value_internal":406.0,"distribution":"{\"name\": \"IntDistribution\", \"attributes\": {\"log\": false, \"step\": 1, \"low\": 4, \"high\": 512}}"}
{"op_code":6,"worker_id":"e82516cf-8304-4c1c-ad14-1e3d94ab0378-8728161344","trial_id":15,"state":1,"values":[0.20048779249191284],"datetime_complete":"2026-06-07T20:13:12.023797"}
{"op_code":4,"worker_id":"e82516cf-8304-4c1c-ad14-1e3d94ab0378-8728161344","study_id":0,"datetime_start":"2026-06-07T20:13:12.025222"}
{"op_code":5,"worker_id":"e82516cf-8304-4c1c-ad14-1e3d94ab0378-8728161344","trial_id":16,"param_name":"lr","param_value_internal":0.0015993581114062039,"distribution":"{\"name\": \"FloatDistribution\", \"attributes\": {\"step\": null, \"low\": 1e-05, \"high\": 0.1, \"log\": true}}"}
{"op_code":5,"worker_id":"e82516cf-8304-4c1c-ad14-1e3d94ab0378-8728161344","trial_id":16,"param_name":"batch_size","param_value_internal":1647.0,"distribution":"{\"name\": \"IntDistribution\", \"attributes\": {\"log\": false, \"step\": 1, \"low\": 32, \"high\": 4096}}"}
{"op_code":5,"worker_id":"e82516cf-8304-4c1c-ad14-1e3d94ab0378-8728161344","trial_id":16,"param_name":"n_hidden","param_value_internal":13.0,"distribution":"{\"name\": \"IntDistribution\", \"attributes\": {\"log\": false, \"step\": 1, \"low\": 1, \"high\": 16}}"}
{"op_code":5,"worker_id":"e82516cf-8304-4c1c-ad14-1e3d94ab0378-8728161344","trial_id":16,"param_name":"hidden_dim","param_value_internal":249.0,"distribution":"{\"name\": \"IntDistribution\", \"attributes\": {\"log\": false, \"step\": 1, \"low\": 4, \"high\": 512}}"}
{"op_code":6,"worker_id":"e82516cf-8304-4c1c-ad14-1e3d94ab0378-8728161344","trial_id":16,"state":1,"values":[0.22943538427352905],"datetime_complete":"2026-06-07T20:13:29.714765"}
{"op_code":4,"worker_id":"e82516cf-8304-4c1c-ad14-1e3d94ab0378-8728161344","study_id":0,"datetime_start":"2026-06-07T20:13:29.716011"}
{"op_code":5,"worker_id":"e82516cf-8304-4c1c-ad14-1e3d94ab0378-8728161344","trial_id":17,"param_name":"lr","param_value_internal":0.0001142335310034577,"distribution":"{\"name\": \"FloatDistribution\", \"attributes\": {\"step\": null, \"low\": 1e-05, \"high\": 0.1, \"log\": true}}"}
{"op_code":5,"worker_id":"e82516cf-8304-4c1c-ad14-1e3d94ab0378-8728161344","trial_id":17,"param_name":"batch_size","param_value_internal":2868.0,"distribution":"{\"name\": \"IntDistribution\", \"attributes\": {\"log\": false, \"step\": 1, \"low\": 32, \"high\": 4096}}"}
{"op_code":5,"worker_id":"e82516cf-8304-4c1c-ad14-1e3d94ab0378-8728161344","trial_id":17,"param_name":"n_hidden","param_value_internal":8.0,"distribution":"{\"name\": \"IntDistribution\", \"attributes\": {\"log\": false, \"step\": 1, \"low\": 1, \"high\": 16}}"}
{"op_code":5,"worker_id":"e82516cf-8304-4c1c-ad14-1e3d94ab0378-8728161344","trial_id":17,"param_name":"hidden_dim","param_value_internal":307.0,"distribution":"{\"name\": \"IntDistribution\", \"attributes\": {\"log\": false, \"step\": 1, \"low\": 4, \"high\": 512}}"}
{"op_code":6,"worker_id":"e82516cf-8304-4c1c-ad14-1e3d94ab0378-8728161344","trial_id":17,"state":1,"values":[0.21795660257339478],"datetime_complete":"2026-06-07T20:13:45.817811"}
{"op_code":4,"worker_id":"e82516cf-8304-4c1c-ad14-1e3d94ab0378-8728161344","study_id":0,"datetime_start":"2026-06-07T20:13:45.819123"}
{"op_code":5,"worker_id":"e82516cf-8304-4c1c-ad14-1e3d94ab0378-8728161344","trial_id":18,"param_name":"lr","param_value_internal":0.0009845313168239526,"distribution":"{\"name\": \"FloatDistribution\", \"attributes\": {\"step\": null, \"low\": 1e-05, \"high\": 0.1, \"log\": true}}"}
{"op_code":5,"worker_id":"e82516cf-8304-4c1c-ad14-1e3d94ab0378-8728161344","trial_id":18,"param_name":"batch_size","param_value_internal":765.0,"distribution":"{\"name\": \"IntDistribution\", \"attributes\": {\"log\": false, \"step\": 1, \"low\": 32, \"high\": 4096}}"}
{"op_code":5,"worker_id":"e82516cf-8304-4c1c-ad14-1e3d94ab0378-8728161344","trial_id":18,"param_name":"n_hidden","param_value_internal":4.0,"distribution":"{\"name\": \"IntDistribution\", \"attributes\": {\"log\": false, \"step\": 1, \"low\": 1, \"high\": 16}}"}
{"op_code":5,"worker_id":"e82516cf-8304-4c1c-ad14-1e3d94ab0378-8728161344","trial_id":18,"param_name":"hidden_dim","param_value_internal":7.0,"distribution":"{\"name\": \"IntDistribution\", \"attributes\": {\"log\": false, \"step\": 1, \"low\": 4, \"high\": 512}}"}
{"op_code":6,"worker_id":"e82516cf-8304-4c1c-ad14-1e3d94ab0378-8728161344","trial_id":18,"state":1,"values":[0.2477049708366394],"datetime_complete":"2026-06-07T20:14:02.476739"}
{"op_code":4,"worker_id":"e82516cf-8304-4c1c-ad14-1e3d94ab0378-8728161344","study_id":0,"datetime_start":"2026-06-07T20:14:02.479914"}
{"op_code":5,"worker_id":"e82516cf-8304-4c1c-ad14-1e3d94ab0378-8728161344","trial_id":19,"param_name":"lr","param_value_internal":0.00017303846984695272,"distribution":"{\"name\": \"FloatDistribution\", \"attributes\": {\"step\": null, \"low\": 1e-05, \"high\": 0.1, \"log\": true}}"}
{"op_code":5,"worker_id":"e82516cf-8304-4c1c-ad14-1e3d94ab0378-8728161344","trial_id":19,"param_name":"batch_size","param_value_internal":1655.0,"distribution":"{\"name\": \"IntDistribution\", \"attributes\": {\"log\": false, \"step\": 1, \"low\": 32, \"high\": 4096}}"}
{"op_code":5,"worker_id":"e82516cf-8304-4c1c-ad14-1e3d94ab0378-8728161344","trial_id":19,"param_name":"n_hidden","param_value_internal":9.0,"distribution":"{\"name\": \"IntDistribution\", \"attributes\": {\"log\": false, \"step\": 1, \"low\": 1, \"high\": 16}}"}
{"op_code":5,"worker_id":"e82516cf-8304-4c1c-ad14-1e3d94ab0378-8728161344","trial_id":19,"param_name":"hidden_dim","param_value_internal":365.0,"distribution":"{\"name\": \"IntDistribution\", \"attributes\": {\"log\": false, \"step\": 1, \"low\": 4, \"high\": 512}}"}
{"op_code":6,"worker_id":"e82516cf-8304-4c1c-ad14-1e3d94ab0378-8728161344","trial_id":19,"state":1,"values":[0.198928302526474],"datetime_complete":"2026-06-07T20:14:22.280455"}
{"op_code":4,"worker_id":"e82516cf-8304-4c1c-ad14-1e3d94ab0378-8728161344","study_id":0,"datetime_start":"2026-06-07T20:14:22.281780"}
{"op_code":5,"worker_id":"e82516cf-8304-4c1c-ad14-1e3d94ab0378-8728161344","trial_id":20,"param_name":"lr","param_value_internal":0.06412999236041476,"distribution":"{\"name\": \"FloatDistribution\", \"attributes\": {\"step\": null, \"low\": 1e-05, \"high\": 0.1, \"log\": true}}"}
{"op_code":5,"worker_id":"e82516cf-8304-4c1c-ad14-1e3d94ab0378-8728161344","trial_id":20,"param_name":"batch_size","param_value_internal":1371.0,"distribution":"{\"name\": \"IntDistribution\", \"attributes\": {\"log\": false, \"step\": 1, \"low\": 32, \"high\": 4096}}"}
{"op_code":5,"worker_id":"e82516cf-8304-4c1c-ad14-1e3d94ab0378-8728161344","trial_id":20,"param_name":"n_hidden","param_value_internal":13.0,"distribution":"{\"name\": \"IntDistribution\", \"attributes\": {\"log\": false, \"step\": 1, \"low\": 1, \"high\": 16}}"}
{"op_code":5,"worker_id":"e82516cf-8304-4c1c-ad14-1e3d94ab0378-8728161344","trial_id":20,"param_name":"hidden_dim","param_value_internal":453.0,"distribution":"{\"name\": \"IntDistribution\", \"attributes\": {\"log\": false, \"step\": 1, \"low\": 4, \"high\": 512}}"}
{"op_code":6,"worker_id":"e82516cf-8304-4c1c-ad14-1e3d94ab0378-8728161344","trial_id":20,"state":1,"values":[1.8346524477005004],"datetime_complete":"2026-06-07T20:15:01.259283"}
{"op_code":4,"worker_id":"e82516cf-8304-4c1c-ad14-1e3d94ab0378-8728161344","study_id":0,"datetime_start":"2026-06-07T20:15:01.260595"}
{"op_code":5,"worker_id":"e82516cf-8304-4c1c-ad14-1e3d94ab0378-8728161344","trial_id":21,"param_name":"lr","param_value_internal":0.0002034223742406597,"distribution":"{\"name\": \"FloatDistribution\", \"attributes\": {\"step\": null, \"low\": 1e-05, \"high\": 0.1, \"log\": true}}"}
{"op_code":5,"worker_id":"e82516cf-8304-4c1c-ad14-1e3d94ab0378-8728161344","trial_id":21,"param_name":"batch_size","param_value_internal":1825.0,"distribution":"{\"name\": \"IntDistribution\", \"attributes\": {\"log\": false, \"step\": 1, \"low\": 32, \"high\": 4096}}"}
{"op_code":5,"worker_id":"e82516cf-8304-4c1c-ad14-1e3d94ab0378-8728161344","trial_id":21,"param_name":"n_hidden","param_value_internal":9.0,"distribution":"{\"name\": \"IntDistribution\", \"attributes\": {\"log\": false, \"step\": 1, \"low\": 1, \"high\": 16}}"}
{"op_code":5,"worker_id":"e82516cf-8304-4c1c-ad14-1e3d94ab0378-8728161344","trial_id":21,"param_name":"hidden_dim","param_value_internal":356.0,"distribution":"{\"name\": \"IntDistribution\", \"attributes\": {\"log\": false, \"step\": 1, \"low\": 4, \"high\": 512}}"}
{"op_code":6,"worker_id":"e82516cf-8304-4c1c-ad14-1e3d94ab0378-8728161344","trial_id":21,"state":1,"values":[0.20166330635547638],"datetime_complete":"2026-06-07T20:15:20.194617"}
{"op_code":4,"worker_id":"e82516cf-8304-4c1c-ad14-1e3d94ab0378-8728161344","study_id":0,"datetime_start":"2026-06-07T20:15:20.199050"}
{"op_code":5,"worker_id":"e82516cf-8304-4c1c-ad14-1e3d94ab0378-8728161344","trial_id":22,"param_name":"lr","param_value_internal":0.00011755625240359791,"distribution":"{\"name\": \"FloatDistribution\", \"attributes\": {\"step\": null, \"low\": 1e-05, \"high\": 0.1, \"log\": true}}"}
{"op_code":5,"worker_id":"e82516cf-8304-4c1c-ad14-1e3d94ab0378-8728161344","trial_id":22,"param_name":"batch_size","param_value_internal":904.0,"distribution":"{\"name\": \"IntDistribution\", \"attributes\": {\"log\": false, \"step\": 1, \"low\": 32, \"high\": 4096}}"}
{"op_code":5,"worker_id":"e82516cf-8304-4c1c-ad14-1e3d94ab0378-8728161344","trial_id":22,"param_name":"n_hidden","param_value_internal":10.0,"distribution":"{\"name\": \"IntDistribution\", \"attributes\": {\"log\": false, \"step\": 1, \"low\": 1, \"high\": 16}}"}
{"op_code":5,"worker_id":"e82516cf-8304-4c1c-ad14-1e3d94ab0378-8728161344","trial_id":22,"param_name":"hidden_dim","param_value_internal":426.0,"distribution":"{\"name\": \"IntDistribution\", \"attributes\": {\"log\": false, \"step\": 1, \"low\": 4, \"high\": 512}}"}
{"op_code":6,"worker_id":"e82516cf-8304-4c1c-ad14-1e3d94ab0378-8728161344","trial_id":22,"state":1,"values":[0.20366604924201964],"datetime_complete":"2026-06-07T20:15:49.179879"}
{"op_code":4,"worker_id":"e82516cf-8304-4c1c-ad14-1e3d94ab0378-8728161344","study_id":0,"datetime_start":"2026-06-07T20:15:49.181271"}
{"op_code":5,"worker_id":"e82516cf-8304-4c1c-ad14-1e3d94ab0378-8728161344","trial_id":23,"param_name":"lr","param_value_internal":0.0007607072344627165,"distribution":"{\"name\": \"FloatDistribution\", \"attributes\": {\"step\": null, \"low\": 1e-05, \"high\": 0.1, \"log\": true}}"}
{"op_code":5,"worker_id":"e82516cf-8304-4c1c-ad14-1e3d94ab0378-8728161344","trial_id":23,"param_name":"batch_size","param_value_internal":64.0,"distribution":"{\"name\": \"IntDistribution\", \"attributes\": {\"log\": false, \"step\": 1, \"low\": 32, \"high\": 4096}}"}
{"op_code":5,"worker_id":"e82516cf-8304-4c1c-ad14-1e3d94ab0378-8728161344","trial_id":23,"param_name":"n_hidden","param_value_internal":8.0,"distribution":"{\"name\": \"IntDistribution\", \"attributes\": {\"log\": false, \"step\": 1, \"low\": 1, \"high\": 16}}"}
{"op_code":5,"worker_id":"e82516cf-8304-4c1c-ad14-1e3d94ab0378-8728161344","trial_id":23,"param_name":"hidden_dim","param_value_internal":363.0,"distribution":"{\"name\": \"IntDistribution\", \"attributes\": {\"log\": false, \"step\": 1, \"low\": 4, \"high\": 512}}"}
{"op_code":6,"worker_id":"e82516cf-8304-4c1c-ad14-1e3d94ab0378-8728161344","trial_id":23,"state":1,"values":[0.20908930599689485],"datetime_complete":"2026-06-07T20:18:37.110414"}
{"op_code":4,"worker_id":"e82516cf-8304-4c1c-ad14-1e3d94ab0378-8728161344","study_id":0,"datetime_start":"2026-06-07T20:18:37.113598"}
{"op_code":5,"worker_id":"e82516cf-8304-4c1c-ad14-1e3d94ab0378-8728161344","trial_id":24,"param_name":"lr","param_value_internal":0.001908586857560091,"distribution":"{\"name\": \"FloatDistribution\", \"attributes\": {\"step\": null, \"low\": 1e-05, \"high\": 0.1, \"log\": true}}"}
{"op_code":5,"worker_id":"e82516cf-8304-4c1c-ad14-1e3d94ab0378-8728161344","trial_id":24,"param_name":"batch_size","param_value_internal":1274.0,"distribution":"{\"name\": \"IntDistribution\", \"attributes\": {\"log\": false, \"step\": 1, \"low\": 32, \"high\": 4096}}"}
{"op_code":5,"worker_id":"e82516cf-8304-4c1c-ad14-1e3d94ab0378-8728161344","trial_id":24,"param_name":"n_hidden","param_value_internal":6.0,"distribution":"{\"name\": \"IntDistribution\", \"attributes\": {\"log\": false, \"step\": 1, \"low\": 1, \"high\": 16}}"}
{"op_code":5,"worker_id":"e82516cf-8304-4c1c-ad14-1e3d94ab0378-8728161344","trial_id":24,"param_name":"hidden_dim","param_value_internal":503.0,"distribution":"{\"name\": \"IntDistribution\", \"attributes\": {\"log\": false, \"step\": 1, \"low\": 4, \"high\": 512}}"}
{"op_code":6,"worker_id":"e82516cf-8304-4c1c-ad14-1e3d94ab0378-8728161344","trial_id":24,"state":1,"values":[0.20045984983444215],"datetime_complete":"2026-06-07T20:18:59.389563"}
{"op_code":4,"worker_id":"e82516cf-8304-4c1c-ad14-1e3d94ab0378-8728161344","study_id":0,"datetime_start":"2026-06-07T20:18:59.390768"}
{"op_code":5,"worker_id":"e82516cf-8304-4c1c-ad14-1e3d94ab0378-8728161344","trial_id":25,"param_name":"lr","param_value_internal":0.007019985585936052,"distribution":"{\"name\": \"FloatDistribution\", \"attributes\": {\"step\": null, \"low\": 1e-05, \"high\": 0.1, \"log\": true}}"}
{"op_code":5,"worker_id":"e82516cf-8304-4c1c-ad14-1e3d94ab0378-8728161344","trial_id":25,"param_name":"batch_size","param_value_internal":1954.0,"distribution":"{\"name\": \"IntDistribution\", \"attributes\": {\"log\": false, \"step\": 1, \"low\": 32, \"high\": 4096}}"}
{"op_code":5,"worker_id":"e82516cf-8304-4c1c-ad14-1e3d94ab0378-8728161344","trial_id":25,"param_name":"n_hidden","param_value_internal":11.0,"distribution":"{\"name\": \"IntDistribution\", \"attributes\": {\"log\": false, \"step\": 1, \"low\": 1, \"high\": 16}}"}
{"op_code":5,"worker_id":"e82516cf-8304-4c1c-ad14-1e3d94ab0378-8728161344","trial_id":25,"param_name":"hidden_dim","param_value_internal":303.0,"distribution":"{\"name\": \"IntDistribution\", \"attributes\": {\"log\": false, \"step\": 1, \"low\": 4, \"high\": 512}}"}
{"op_code":6,"worker_id":"e82516cf-8304-4c1c-ad14-1e3d94ab0378-8728161344","trial_id":25,"state":1,"values":[0.22887535095214845],"datetime_complete":"2026-06-07T20:19:17.188208"}
{"op_code":4,"worker_id":"e82516cf-8304-4c1c-ad14-1e3d94ab0378-8728161344","study_id":0,"datetime_start":"2026-06-07T20:19:17.189472"}
{"op_code":5,"worker_id":"e82516cf-8304-4c1c-ad14-1e3d94ab0378-8728161344","trial_id":26,"param_name":"lr","param_value_internal":0.000440003660437518,"distribution":"{\"name\": \"FloatDistribution\", \"attributes\": {\"step\": null, \"low\": 1e-05, \"high\": 0.1, \"log\": true}}"}
{"op_code":5,"worker_id":"e82516cf-8304-4c1c-ad14-1e3d94ab0378-8728161344","trial_id":26,"param_name":"batch_size","param_value_internal":2709.0,"distribution":"{\"name\": \"IntDistribution\", \"attributes\": {\"log\": false, \"step\": 1, \"low\": 32, \"high\": 4096}}"}
{"op_code":5,"worker_id":"e82516cf-8304-4c1c-ad14-1e3d94ab0378-8728161344","trial_id":26,"param_name":"n_hidden","param_value_internal":7.0,"distribution":"{\"name\": \"IntDistribution\", \"attributes\": {\"log\": false, \"step\": 1, \"low\": 1, \"high\": 16}}"}
{"op_code":5,"worker_id":"e82516cf-8304-4c1c-ad14-1e3d94ab0378-8728161344","trial_id":26,"param_name":"hidden_dim","param_value_internal":431.0,"distribution":"{\"name\": \"IntDistribution\", \"attributes\": {\"log\": false, \"step\": 1, \"low\": 4, \"high\": 512}}"}
{"op_code":6,"worker_id":"e82516cf-8304-4c1c-ad14-1e3d94ab0378-8728161344","trial_id":26,"state":1,"values":[0.1926812171936035],"datetime_complete":"2026-06-07T20:19:37.173386"}
{"op_code":4,"worker_id":"e82516cf-8304-4c1c-ad14-1e3d94ab0378-8728161344","study_id":0,"datetime_start":"2026-06-07T20:19:37.176588"}
{"op_code":5,"worker_id":"e82516cf-8304-4c1c-ad14-1e3d94ab0378-8728161344","trial_id":27,"param_name":"lr","param_value_internal":0.0005300433252671953,"distribution":"{\"name\": \"FloatDistribution\", \"attributes\": {\"step\": null, \"low\": 1e-05, \"high\": 0.1, \"log\": true}}"}
{"op_code":5,"worker_id":"e82516cf-8304-4c1c-ad14-1e3d94ab0378-8728161344","trial_id":27,"param_name":"batch_size","param_value_internal":2686.0,"distribution":"{\"name\": \"IntDistribution\", \"attributes\": {\"log\": false, \"step\": 1, \"low\": 32, \"high\": 4096}}"}
{"op_code":5,"worker_id":"e82516cf-8304-4c1c-ad14-1e3d94ab0378-8728161344","trial_id":27,"param_name":"n_hidden","param_value_internal":4.0,"distribution":"{\"name\": \"IntDistribution\", \"attributes\": {\"log\": false, \"step\": 1, \"low\": 1, \"high\": 16}}"}
{"op_code":5,"worker_id":"e82516cf-8304-4c1c-ad14-1e3d94ab0378-8728161344","trial_id":27,"param_name":"hidden_dim","param_value_internal":440.0,"distribution":"{\"name\": \"IntDistribution\", \"attributes\": {\"log\": false, \"step\": 1, \"low\": 4, \"high\": 512}}"}
{"op_code":6,"worker_id":"e82516cf-8304-4c1c-ad14-1e3d94ab0378-8728161344","trial_id":27,"state":1,"values":[0.1869802176952362],"datetime_complete":"2026-06-07T20:19:51.800077"}
{"op_code":4,"worker_id":"e82516cf-8304-4c1c-ad14-1e3d94ab0378-8728161344","study_id":0,"datetime_start":"2026-06-07T20:19:51.801779"}
{"op_code":5,"worker_id":"e82516cf-8304-4c1c-ad14-1e3d94ab0378-8728161344","trial_id":28,"param_name":"lr","param_value_internal":0.0004107165305702925,"distribution":"{\"name\": \"FloatDistribution\", \"attributes\": {\"step\": null, \"low\": 1e-05, \"high\": 0.1, \"log\": true}}"}
{"op_code":5,"worker_id":"e82516cf-8304-4c1c-ad14-1e3d94ab0378-8728161344","trial_id":28,"param_name":"batch_size","param_value_internal":2726.0,"distribution":"{\"name\": \"IntDistribution\", \"attributes\": {\"log\": false, \"step\": 1, \"low\": 32, \"high\": 4096}}"}
{"op_code":5,"worker_id":"e82516cf-8304-4c1c-ad14-1e3d94ab0378-8728161344","trial_id":28,"param_name":"n_hidden","param_value_internal":1.0,"distribution":"{\"name\": \"IntDistribution\", \"attributes\": {\"log\": false, \"step\": 1, \"low\": 1, \"high\": 16}}"}
{"op_code":5,"worker_id":"e82516cf-8304-4c1c-ad14-1e3d94ab0378-8728161344","trial_id":28,"param_name":"hidden_dim","param_value_internal":452.0,"distribution":"{\"name\": \"IntDistribution\", \"attributes\": {\"log\": false, \"step\": 1, \"low\": 4, \"high\": 512}}"}
{"op_code":6,"worker_id":"e82516cf-8304-4c1c-ad14-1e3d94ab0378-8728161344","trial_id":28,"state":1,"values":[0.1886596381664276],"datetime_complete":"2026-06-07T20:20:02.980970"}
{"op_code":4,"worker_id":"e82516cf-8304-4c1c-ad14-1e3d94ab0378-8728161344","study_id":0,"datetime_start":"2026-06-07T20:20:02.982297"}
{"op_code":5,"worker_id":"e82516cf-8304-4c1c-ad14-1e3d94ab0378-8728161344","trial_id":29,"param_name":"lr","param_value_internal":8.075607323985244e-05,"distribution":"{\"name\": \"FloatDistribution\", \"attributes\": {\"step\": null, \"low\": 1e-05, \"high\": 0.1, \"log\": true}}"}
{"op_code":5,"worker_id":"e82516cf-8304-4c1c-ad14-1e3d94ab0378-8728161344","trial_id":29,"param_name":"batch_size","param_value_internal":2736.0,"distribution":"{\"name\": \"IntDistribution\", \"attributes\": {\"log\": false, \"step\": 1, \"low\": 32, \"high\": 4096}}"}
{"op_code":5,"worker_id":"e82516cf-8304-4c1c-ad14-1e3d94ab0378-8728161344","trial_id":29,"param_name":"n_hidden","param_value_internal":1.0,"distribution":"{\"name\": \"IntDistribution\", \"attributes\": {\"log\": false, \"step\": 1, \"low\": 1, \"high\": 16}}"}
{"op_code":5,"worker_id":"e82516cf-8304-4c1c-ad14-1e3d94ab0378-8728161344","trial_id":29,"param_name":"hidden_dim","param_value_internal":214.0,"distribution":"{\"name\": \"IntDistribution\", \"attributes\": {\"log\": false, \"step\": 1, \"low\": 4, \"high\": 512}}"}
{"op_code":6,"worker_id":"e82516cf-8304-4c1c-ad14-1e3d94ab0378-8728161344","trial_id":29,"state":1,"values":[0.3449654281139374],"datetime_complete":"2026-06-07T20:20:13.620396"}
{"op_code":4,"worker_id":"e82516cf-8304-4c1c-ad14-1e3d94ab0378-8728161344","study_id":0,"datetime_start":"2026-06-07T20:20:13.622111"}
{"op_code":5,"worker_id":"e82516cf-8304-4c1c-ad14-1e3d94ab0378-8728161344","trial_id":30,"param_name":"lr","param_value_internal":0.0004891874321608121,"distribution":"{\"name\": \"FloatDistribution\", \"attributes\": {\"step\": null, \"low\": 1e-05, \"high\": 0.1, \"log\": true}}"}
{"op_code":5,"worker_id":"e82516cf-8304-4c1c-ad14-1e3d94ab0378-8728161344","trial_id":30,"param_name":"batch_size","param_value_internal":3280.0,"distribution":"{\"name\": \"IntDistribution\", \"attributes\": {\"log\": false, \"step\": 1, \"low\": 32, \"high\": 4096}}"}
{"op_code":5,"worker_id":"e82516cf-8304-4c1c-ad14-1e3d94ab0378-8728161344","trial_id":30,"param_name":"n_hidden","param_value_internal":4.0,"distribution":"{\"name\": \"IntDistribution\", \"attributes\": {\"log\": false, \"step\": 1, \"low\": 1, \"high\": 16}}"}
{"op_code":5,"worker_id":"e82516cf-8304-4c1c-ad14-1e3d94ab0378-8728161344","trial_id":30,"param_name":"hidden_dim","param_value_internal":453.0,"distribution":"{\"name\": \"IntDistribution\", \"attributes\": {\"log\": false, \"step\": 1, \"low\": 4, \"high\": 512}}"}
{"op_code":6,"worker_id":"e82516cf-8304-4c1c-ad14-1e3d94ab0378-8728161344","trial_id":30,"state":1,"values":[0.18779178261756896],"datetime_complete":"2026-06-07T20:20:28.744246"}
{"op_code":4,"worker_id":"e82516cf-8304-4c1c-ad14-1e3d94ab0378-8728161344","study_id":0,"datetime_start":"2026-06-07T20:20:28.745731"}
{"op_code":5,"worker_id":"e82516cf-8304-4c1c-ad14-1e3d94ab0378-8728161344","trial_id":31,"param_name":"lr","param_value_internal":0.0003910630531521815,"distribution":"{\"name\": \"FloatDistribution\", \"attributes\": {\"step\": null, \"low\": 1e-05, \"high\": 0.1, \"log\": true}}"}
{"op_code":5,"worker_id":"e82516cf-8304-4c1c-ad14-1e3d94ab0378-8728161344","trial_id":31,"param_name":"batch_size","param_value_internal":3285.0,"distribution":"{\"name\": \"IntDistribution\", \"attributes\": {\"log\": false, \"step\": 1, \"low\": 32, \"high\": 4096}}"}
{"op_code":5,"worker_id":"e82516cf-8304-4c1c-ad14-1e3d94ab0378-8728161344","trial_id":31,"param_name":"n_hidden","param_value_internal":4.0,"distribution":"{\"name\": \"IntDistribution\", \"attributes\": {\"log\": false, \"step\": 1, \"low\": 1, \"high\": 16}}"}
{"op_code":5,"worker_id":"e82516cf-8304-4c1c-ad14-1e3d94ab0378-8728161344","trial_id":31,"param_name":"hidden_dim","param_value_internal":459.0,"distribution":"{\"name\": \"IntDistribution\", \"attributes\": {\"log\": false, \"step\": 1, \"low\": 4, \"high\": 512}}"}
{"op_code":6,"worker_id":"e82516cf-8304-4c1c-ad14-1e3d94ab0378-8728161344","trial_id":31,"state":1,"values":[0.18958550095558166],"datetime_complete":"2026-06-07T20:20:44.000907"}
{"op_code":4,"worker_id":"e82516cf-8304-4c1c-ad14-1e3d94ab0378-8728161344","study_id":0,"datetime_start":"2026-06-07T20:20:44.002373"}
{"op_code":5,"worker_id":"e82516cf-8304-4c1c-ad14-1e3d94ab0378-8728161344","trial_id":32,"param_name":"lr","param_value_internal":0.00034189570283165333,"distribution":"{\"name\": \"FloatDistribution\", \"attributes\": {\"step\": null, \"low\": 1e-05, \"high\": 0.1, \"log\": true}}"}
{"op_code":5,"worker_id":"e82516cf-8304-4c1c-ad14-1e3d94ab0378-8728161344","trial_id":32,"param_name":"batch_size","param_value_internal":3266.0,"distribution":"{\"name\": \"IntDistribution\", \"attributes\": {\"log\": false, \"step\": 1, \"low\": 32, \"high\": 4096}}"}
{"op_code":5,"worker_id":"e82516cf-8304-4c1c-ad14-1e3d94ab0378-8728161344","trial_id":32,"param_name":"n_hidden","param_value_internal":4.0,"distribution":"{\"name\": \"IntDistribution\", \"attributes\": {\"log\": false, \"step\": 1, \"low\": 1, \"high\": 16}}"}
{"op_code":5,"worker_id":"e82516cf-8304-4c1c-ad14-1e3d94ab0378-8728161344","trial_id":32,"param_name":"hidden_dim","param_value_internal":497.0,"distribution":"{\"name\": \"IntDistribution\", \"attributes\": {\"log\": false, \"step\": 1, \"low\": 4, \"high\": 512}}"}
{"op_code":6,"worker_id":"e82516cf-8304-4c1c-ad14-1e3d94ab0378-8728161344","trial_id":32,"state":1,"values":[0.190149188041687],"datetime_complete":"2026-06-07T20:21:00.448598"}
{"op_code":4,"worker_id":"e82516cf-8304-4c1c-ad14-1e3d94ab0378-8728161344","study_id":0,"datetime_start":"2026-06-07T20:21:00.449897"}
{"op_code":5,"worker_id":"e82516cf-8304-4c1c-ad14-1e3d94ab0378-8728161344","trial_id":33,"param_name":"lr","param_value_internal":0.0017150301031559096,"distribution":"{\"name\": \"FloatDistribution\", \"attributes\": {\"step\": null, \"low\": 1e-05, \"high\": 0.1, \"log\": true}}"}
{"op_code":5,"worker_id":"e82516cf-8304-4c1c-ad14-1e3d94ab0378-8728161344","trial_id":33,"param_name":"batch_size","param_value_internal":3339.0,"distribution":"{\"name\": \"IntDistribution\", \"attributes\": {\"log\": false, \"step\": 1, \"low\": 32, \"high\": 4096}}"}
{"op_code":5,"worker_id":"e82516cf-8304-4c1c-ad14-1e3d94ab0378-8728161344","trial_id":33,"param_name":"n_hidden","param_value_internal":3.0,"distribution":"{\"name\": \"IntDistribution\", \"attributes\": {\"log\": false, \"step\": 1, \"low\": 1, \"high\": 16}}"}
{"op_code":5,"worker_id":"e82516cf-8304-4c1c-ad14-1e3d94ab0378-8728161344","trial_id":33,"param_name":"hidden_dim","param_value_internal":454.0,"distribution":"{\"name\": \"IntDistribution\", \"attributes\": {\"log\": false, \"step\": 1, \"low\": 4, \"high\": 512}}"}
{"op_code":6,"worker_id":"e82516cf-8304-4c1c-ad14-1e3d94ab0378-8728161344","trial_id":33,"state":1,"values":[0.18681398034095764],"datetime_complete":"2026-06-07T20:21:13.867483"}
{"op_code":4,"worker_id":"e82516cf-8304-4c1c-ad14-1e3d94ab0378-8728161344","study_id":0,"datetime_start":"2026-06-07T20:21:13.869076"}
{"op_code":5,"worker_id":"e82516cf-8304-4c1c-ad14-1e3d94ab0378-8728161344","trial_id":34,"param_name":"lr","param_value_internal":0.0015769160132695498,"distribution":"{\"name\": \"FloatDistribution\", \"attributes\": {\"step\": null, \"low\": 1e-05, \"high\": 0.1, \"log\": true}}"}
{"op_code":5,"worker_id":"e82516cf-8304-4c1c-ad14-1e3d94ab0378-8728161344","trial_id":34,"param_name":"batch_size","param_value_internal":2466.0,"distribution":"{\"name\": \"IntDistribution\", \"attributes\": {\"log\": false, \"step\": 1, \"low\": 32, \"high\": 4096}}"}
{"op_code":5,"worker_id":"e82516cf-8304-4c1c-ad14-1e3d94ab0378-8728161344","trial_id":34,"param_name":"n_hidden","param_value_internal":2.0,"distribution":"{\"name\": \"IntDistribution\", \"attributes\": {\"log\": false, \"step\": 1, \"low\": 1, \"high\": 16}}"}
{"op_code":5,"worker_id":"e82516cf-8304-4c1c-ad14-1e3d94ab0378-8728161344","trial_id":34,"param_name":"hidden_dim","param_value_internal":509.0,"distribution":"{\"name\": \"IntDistribution\", \"attributes\": {\"log\": false, \"step\": 1, \"low\": 4, \"high\": 512}}"}
{"op_code":6,"worker_id":"e82516cf-8304-4c1c-ad14-1e3d94ab0378-8728161344","trial_id":34,"state":1,"values":[0.18646769225597382],"datetime_complete":"2026-06-07T20:21:24.783765"}
{"op_code":4,"worker_id":"e82516cf-8304-4c1c-ad14-1e3d94ab0378-8728161344","study_id":0,"datetime_start":"2026-06-07T20:21:24.785218"}
{"op_code":5,"worker_id":"e82516cf-8304-4c1c-ad14-1e3d94ab0378-8728161344","trial_id":35,"param_name":"lr","param_value_internal":0.003330977652380065,"distribution":"{\"name\": \"FloatDistribution\", \"attributes\": {\"step\": null, \"low\": 1e-05, \"high\": 0.1, \"log\": true}}"}
{"op_code":5,"worker_id":"e82516cf-8304-4c1c-ad14-1e3d94ab0378-8728161344","trial_id":35,"param_name":"batch_size","param_value_internal":2366.0,"distribution":"{\"name\": \"IntDistribution\", \"attributes\": {\"log\": false, \"step\": 1, \"low\": 32, \"high\": 4096}}"}
{"op_code":5,"worker_id":"e82516cf-8304-4c1c-ad14-1e3d94ab0378-8728161344","trial_id":35,"param_name":"n_hidden","param_value_internal":3.0,"distribution":"{\"name\": \"IntDistribution\", \"attributes\": {\"log\": false, \"step\": 1, \"low\": 1, \"high\": 16}}"}
{"op_code":5,"worker_id":"e82516cf-8304-4c1c-ad14-1e3d94ab0378-8728161344","trial_id":35,"param_name":"hidden_dim","param_value_internal":509.0,"distribution":"{\"name\": \"IntDistribution\", \"attributes\": {\"log\": false, \"step\": 1, \"low\": 4, \"high\": 512}}"}
{"op_code":6,"worker_id":"e82516cf-8304-4c1c-ad14-1e3d94ab0378-8728161344","trial_id":35,"state":1,"values":[0.18799567222595215],"datetime_complete":"2026-06-07T20:21:38.560501"}
{"op_code":4,"worker_id":"e82516cf-8304-4c1c-ad14-1e3d94ab0378-8728161344","study_id":0,"datetime_start":"2026-06-07T20:21:38.561922"}
{"op_code":5,"worker_id":"e82516cf-8304-4c1c-ad14-1e3d94ab0378-8728161344","trial_id":36,"param_name":"lr","param_value_internal":0.005928535635252535,"distribution":"{\"name\": \"FloatDistribution\", \"attributes\": {\"step\": null, \"low\": 1e-05, \"high\": 0.1, \"log\": true}}"}
{"op_code":5,"worker_id":"e82516cf-8304-4c1c-ad14-1e3d94ab0378-8728161344","trial_id":36,"param_name":"batch_size","param_value_internal":3672.0,"distribution":"{\"name\": \"IntDistribution\", \"attributes\": {\"log\": false, \"step\": 1, \"low\": 32, \"high\": 4096}}"}
{"op_code":5,"worker_id":"e82516cf-8304-4c1c-ad14-1e3d94ab0378-8728161344","trial_id":36,"param_name":"n_hidden","param_value_internal":5.0,"distribution":"{\"name\": \"IntDistribution\", \"attributes\": {\"log\": false, \"step\": 1, \"low\": 1, \"high\": 16}}"}
{"op_code":5,"worker_id":"e82516cf-8304-4c1c-ad14-1e3d94ab0378-8728161344","trial_id":36,"param_name":"hidden_dim","param_value_internal":479.0,"distribution":"{\"name\": \"IntDistribution\", \"attributes\": {\"log\": false, \"step\": 1, \"low\": 4, \"high\": 512}}"}
{"op_code":6,"worker_id":"e82516cf-8304-4c1c-ad14-1e3d94ab0378-8728161344","trial_id":36,"state":1,"values":[0.1975909948348999],"datetime_complete":"2026-06-07T20:21:57.304517"}
{"op_code":4,"worker_id":"e82516cf-8304-4c1c-ad14-1e3d94ab0378-8728161344","study_id":0,"datetime_start":"2026-06-07T20:21:57.305851"}
{"op_code":5,"worker_id":"e82516cf-8304-4c1c-ad14-1e3d94ab0378-8728161344","trial_id":37,"param_name":"lr","param_value_internal":0.0016901579163809235,"distribution":"{\"name\": \"FloatDistribution\", \"attributes\": {\"step\": null, \"low\": 1e-05, \"high\": 0.1, \"log\": true}}"}
{"op_code":5,"worker_id":"e82516cf-8304-4c1c-ad14-1e3d94ab0378-8728161344","trial_id":37,"param_name":"batch_size","param_value_internal":2469.0,"distribution":"{\"name\": \"IntDistribution\", \"attributes\": {\"log\": false, \"step\": 1, \"low\": 32, \"high\": 4096}}"}
{"op_code":5,"worker_id":"e82516cf-8304-4c1c-ad14-1e3d94ab0378-8728161344","trial_id":37,"param_name":"n_hidden","param_value_internal":3.0,"distribution":"{\"name\": \"IntDistribution\", \"attributes\": {\"log\": false, \"step\": 1, \"low\": 1, \"high\": 16}}"}
{"op_code":5,"worker_id":"e82516cf-8304-4c1c-ad14-1e3d94ab0378-8728161344","trial_id":37,"param_name":"hidden_dim","param_value_internal":378.0,"distribution":"{\"name\": \"IntDistribution\", \"attributes\": {\"log\": false, \"step\": 1, \"low\": 4, \"high\": 512}}"}
{"op_code":6,"worker_id":"e82516cf-8304-4c1c-ad14-1e3d94ab0378-8728161344","trial_id":37,"state":1,"values":[0.18981885612010957],"datetime_complete":"2026-06-07T20:22:07.861132"}
{"op_code":4,"worker_id":"e82516cf-8304-4c1c-ad14-1e3d94ab0378-8728161344","study_id":0,"datetime_start":"2026-06-07T20:22:07.862604"}
{"op_code":5,"worker_id":"e82516cf-8304-4c1c-ad14-1e3d94ab0378-8728161344","trial_id":38,"param_name":"lr","param_value_internal":0.0014848463018256534,"distribution":"{\"name\": \"FloatDistribution\", \"attributes\": {\"step\": null, \"low\": 1e-05, \"high\": 0.1, \"log\": true}}"}
{"op_code":5,"worker_id":"e82516cf-8304-4c1c-ad14-1e3d94ab0378-8728161344","trial_id":38,"param_name":"batch_size","param_value_internal":3029.0,"distribution":"{\"name\": \"IntDistribution\", \"attributes\": {\"log\": false, \"step\": 1, \"low\": 32, \"high\": 4096}}"}
{"op_code":5,"worker_id":"e82516cf-8304-4c1c-ad14-1e3d94ab0378-8728161344","trial_id":38,"param_name":"n_hidden","param_value_internal":2.0,"distribution":"{\"name\": \"IntDistribution\", \"attributes\": {\"log\": false, \"step\": 1, \"low\": 1, \"high\": 16}}"}
{"op_code":5,"worker_id":"e82516cf-8304-4c1c-ad14-1e3d94ab0378-8728161344","trial_id":38,"param_name":"hidden_dim","param_value_internal":330.0,"distribution":"{\"name\": \"IntDistribution\", \"attributes\": {\"log\": false, \"step\": 1, \"low\": 4, \"high\": 512}}"}
{"op_code":6,"worker_id":"e82516cf-8304-4c1c-ad14-1e3d94ab0378-8728161344","trial_id":38,"state":1,"values":[0.18545644283294677],"datetime_complete":"2026-06-07T20:22:17.805258"}
{"op_code":4,"worker_id":"e82516cf-8304-4c1c-ad14-1e3d94ab0378-8728161344","study_id":0,"datetime_start":"2026-06-07T20:22:17.806716"}
{"op_code":5,"worker_id":"e82516cf-8304-4c1c-ad14-1e3d94ab0378-8728161344","trial_id":39,"param_name":"lr","param_value_internal":0.02324672414771017,"distribution":"{\"name\": \"FloatDistribution\", \"attributes\": {\"step\": null, \"low\": 1e-05, \"high\": 0.1, \"log\": true}}"}
{"op_code":5,"worker_id":"e82516cf-8304-4c1c-ad14-1e3d94ab0378-8728161344","trial_id":39,"param_name":"batch_size","param_value_internal":2995.0,"distribution":"{\"name\": \"IntDistribution\", \"attributes\": {\"log\": false, \"step\": 1, \"low\": 32, \"high\": 4096}}"}
{"op_code":5,"worker_id":"e82516cf-8304-4c1c-ad14-1e3d94ab0378-8728161344","trial_id":39,"param_name":"n_hidden","param_value_internal":2.0,"distribution":"{\"name\": \"IntDistribution\", \"attributes\": {\"log\": false, \"step\": 1, \"low\": 1, \"high\": 16}}"}
{"op_code":5,"worker_id":"e82516cf-8304-4c1c-ad14-1e3d94ab0378-8728161344","trial_id":39,"param_name":"hidden_dim","param_value_internal":338.0,"distribution":"{\"name\": \"IntDistribution\", \"attributes\": {\"log\": false, \"step\": 1, \"low\": 4, \"high\": 512}}"}
{"op_code":6,"worker_id":"e82516cf-8304-4c1c-ad14-1e3d94ab0378-8728161344","trial_id":39,"state":1,"values":[0.19477176368236543],"datetime_complete":"2026-06-07T20:22:28.228528"}
{"op_code":4,"worker_id":"e82516cf-8304-4c1c-ad14-1e3d94ab0378-8728161344","study_id":0,"datetime_start":"2026-06-07T20:22:28.229878"}
{"op_code":5,"worker_id":"e82516cf-8304-4c1c-ad14-1e3d94ab0378-8728161344","trial_id":40,"param_name":"lr","param_value_internal":0.0014448570017763774,"distribution":"{\"name\": \"FloatDistribution\", \"attributes\": {\"step\": null, \"low\": 1e-05, \"high\": 0.1, \"log\": true}}"}
{"op_code":5,"worker_id":"e82516cf-8304-4c1c-ad14-1e3d94ab0378-8728161344","trial_id":40,"param_name":"batch_size","param_value_internal":3633.0,"distribution":"{\"name\": \"IntDistribution\", \"attributes\": {\"log\": false, \"step\": 1, \"low\": 32, \"high\": 4096}}"}
{"op_code":5,"worker_id":"e82516cf-8304-4c1c-ad14-1e3d94ab0378-8728161344","trial_id":40,"param_name":"n_hidden","param_value_internal":3.0,"distribution":"{\"name\": \"IntDistribution\", \"attributes\": {\"log\": false, \"step\": 1, \"low\": 1, \"high\": 16}}"}
{"op_code":5,"worker_id":"e82516cf-8304-4c1c-ad14-1e3d94ab0378-8728161344","trial_id":40,"param_name":"hidden_dim","param_value_internal":281.0,"distribution":"{\"name\": \"IntDistribution\", \"attributes\": {\"log\": false, \"step\": 1, \"low\": 4, \"high\": 512}}"}
{"op_code":6,"worker_id":"e82516cf-8304-4c1c-ad14-1e3d94ab0378-8728161344","trial_id":40,"state":1,"values":[0.18707479536533356],"datetime_complete":"2026-06-07T20:22:38.486651"}
{"op_code":4,"worker_id":"e82516cf-8304-4c1c-ad14-1e3d94ab0378-8728161344","study_id":0,"datetime_start":"2026-06-07T20:22:38.488109"}
{"op_code":5,"worker_id":"e82516cf-8304-4c1c-ad14-1e3d94ab0378-8728161344","trial_id":41,"param_name":"lr","param_value_internal":0.0014206944149303758,"distribution":"{\"name\": \"FloatDistribution\", \"attributes\": {\"step\": null, \"low\": 1e-05, \"high\": 0.1, \"log\": true}}"}
{"op_code":5,"worker_id":"e82516cf-8304-4c1c-ad14-1e3d94ab0378-8728161344","trial_id":41,"param_name":"batch_size","param_value_internal":3564.0,"distribution":"{\"name\": \"IntDistribution\", \"attributes\": {\"log\": false, \"step\": 1, \"low\": 32, \"high\": 4096}}"}
{"op_code":5,"worker_id":"e82516cf-8304-4c1c-ad14-1e3d94ab0378-8728161344","trial_id":41,"param_name":"n_hidden","param_value_internal":3.0,"distribution":"{\"name\": \"IntDistribution\", \"attributes\": {\"log\": false, \"step\": 1, \"low\": 1, \"high\": 16}}"}
{"op_code":5,"worker_id":"e82516cf-8304-4c1c-ad14-1e3d94ab0378-8728161344","trial_id":41,"param_name":"hidden_dim","param_value_internal":278.0,"distribution":"{\"name\": \"IntDistribution\", \"attributes\": {\"log\": false, \"step\": 1, \"low\": 4, \"high\": 512}}"}
{"op_code":6,"worker_id":"e82516cf-8304-4c1c-ad14-1e3d94ab0378-8728161344","trial_id":41,"state":1,"values":[0.18711187243461608],"datetime_complete":"2026-06-07T20:22:49.971450"}
{"op_code":4,"worker_id":"e82516cf-8304-4c1c-ad14-1e3d94ab0378-8728161344","study_id":0,"datetime_start":"2026-06-07T20:22:49.972842"}
{"op_code":5,"worker_id":"e82516cf-8304-4c1c-ad14-1e3d94ab0378-8728161344","trial_id":42,"param_name":"lr","param_value_internal":0.00530592041696663,"distribution":"{\"name\": \"FloatDistribution\", \"attributes\": {\"step\": null, \"low\": 1e-05, \"high\": 0.1, \"log\": true}}"}
{"op_code":5,"worker_id":"e82516cf-8304-4c1c-ad14-1e3d94ab0378-8728161344","trial_id":42,"param_name":"batch_size","param_value_internal":3514.0,"distribution":"{\"name\": \"IntDistribution\", \"attributes\": {\"log\": false, \"step\": 1, \"low\": 32, \"high\": 4096}}"}
{"op_code":5,"worker_id":"e82516cf-8304-4c1c-ad14-1e3d94ab0378-8728161344","trial_id":42,"param_name":"n_hidden","param_value_internal":1.0,"distribution":"{\"name\": \"IntDistribution\", \"attributes\": {\"log\": false, \"step\": 1, \"low\": 1, \"high\": 16}}"}
{"op_code":5,"worker_id":"e82516cf-8304-4c1c-ad14-1e3d94ab0378-8728161344","trial_id":42,"param_name":"hidden_dim","param_value_internal":178.0,"distribution":"{\"name\": \"IntDistribution\", \"attributes\": {\"log\": false, \"step\": 1, \"low\": 4, \"high\": 512}}"}
{"op_code":6,"worker_id":"e82516cf-8304-4c1c-ad14-1e3d94ab0378-8728161344","trial_id":42,"state":1,"values":[0.1856069713830948],"datetime_complete":"2026-06-07T20:22:59.674208"}
{"op_code":4,"worker_id":"e82516cf-8304-4c1c-ad14-1e3d94ab0378-8728161344","study_id":0,"datetime_start":"2026-06-07T20:22:59.675722"}
{"op_code":5,"worker_id":"e82516cf-8304-4c1c-ad14-1e3d94ab0378-8728161344","trial_id":43,"param_name":"lr","param_value_internal":0.005643328611360938,"distribution":"{\"name\": \"FloatDistribution\", \"attributes\": {\"step\": null, \"low\": 1e-05, \"high\": 0.1, \"log\": true}}"}
{"op_code":5,"worker_id":"e82516cf-8304-4c1c-ad14-1e3d94ab0378-8728161344","trial_id":43,"param_name":"batch_size","param_value_internal":4033.0,"distribution":"{\"name\": \"IntDistribution\", \"attributes\": {\"log\": false, \"step\": 1, \"low\": 32, \"high\": 4096}}"}
{"op_code":5,"worker_id":"e82516cf-8304-4c1c-ad14-1e3d94ab0378-8728161344","trial_id":43,"param_name":"n_hidden","param_value_internal":1.0,"distribution":"{\"name\": \"IntDistribution\", \"attributes\": {\"log\": false, \"step\": 1, \"low\": 1, \"high\": 16}}"}
{"op_code":5,"worker_id":"e82516cf-8304-4c1c-ad14-1e3d94ab0378-8728161344","trial_id":43,"param_name":"hidden_dim","param_value_internal":195.0,"distribution":"{\"name\": \"IntDistribution\", \"attributes\": {\"log\": false, \"step\": 1, \"low\": 4, \"high\": 512}}"}
{"op_code":6,"worker_id":"e82516cf-8304-4c1c-ad14-1e3d94ab0378-8728161344","trial_id":43,"state":1,"values":[0.18528302907943725],"datetime_complete":"2026-06-07T20:23:10.248312"}
{"op_code":4,"worker_id":"e82516cf-8304-4c1c-ad14-1e3d94ab0378-8728161344","study_id":0,"datetime_start":"2026-06-07T20:23:10.249750"}
{"op_code":5,"worker_id":"e82516cf-8304-4c1c-ad14-1e3d94ab0378-8728161344","trial_id":44,"param_name":"lr","param_value_internal":0.0050974922950258825,"distribution":"{\"name\": \"FloatDistribution\", \"attributes\": {\"step\": null, \"low\": 1e-05, \"high\": 0.1, \"log\": true}}"}
{"op_code":5,"worker_id":"e82516cf-8304-4c1c-ad14-1e3d94ab0378-8728161344","trial_id":44,"param_name":"batch_size","param_value_internal":4071.0,"distribution":"{\"name\": \"IntDistribution\", \"attributes\": {\"log\": false, \"step\": 1, \"low\": 32, \"high\": 4096}}"}
{"op_code":5,"worker_id":"e82516cf-8304-4c1c-ad14-1e3d94ab0378-8728161344","trial_id":44,"param_name":"n_hidden","param_value_internal":1.0,"distribution":"{\"name\": \"IntDistribution\", \"attributes\": {\"log\": false, \"step\": 1, \"low\": 1, \"high\": 16}}"}
{"op_code":5,"worker_id":"e82516cf-8304-4c1c-ad14-1e3d94ab0378-8728161344","trial_id":44,"param_name":"hidden_dim","param_value_internal":194.0,"distribution":"{\"name\": \"IntDistribution\", \"attributes\": {\"log\": false, \"step\": 1, \"low\": 4, \"high\": 512}}"}
{"op_code":6,"worker_id":"e82516cf-8304-4c1c-ad14-1e3d94ab0378-8728161344","trial_id":44,"state":1,"values":[0.18670912981033325],"datetime_complete":"2026-06-07T20:23:20.733678"}
{"op_code":4,"worker_id":"e82516cf-8304-4c1c-ad14-1e3d94ab0378-8728161344","study_id":0,"datetime_start":"2026-06-07T20:23:20.735057"}
{"op_code":5,"worker_id":"e82516cf-8304-4c1c-ad14-1e3d94ab0378-8728161344","trial_id":45,"param_name":"lr","param_value_internal":0.0058038766098321756,"distribution":"{\"name\": \"FloatDistribution\", \"attributes\": {\"step\": null, \"low\": 1e-05, \"high\": 0.1, \"log\": true}}"}
{"op_code":5,"worker_id":"e82516cf-8304-4c1c-ad14-1e3d94ab0378-8728161344","trial_id":45,"param_name":"batch_size","param_value_internal":4091.0,"distribution":"{\"name\": \"IntDistribution\", \"attributes\": {\"log\": false, \"step\": 1, \"low\": 32, \"high\": 4096}}"}
{"op_code":5,"worker_id":"e82516cf-8304-4c1c-ad14-1e3d94ab0378-8728161344","trial_id":45,"param_name":"n_hidden","param_value_internal":1.0,"distribution":"{\"name\": \"IntDistribution\", \"attributes\": {\"log\": false, \"step\": 1, \"low\": 1, \"high\": 16}}"}
{"op_code":5,"worker_id":"e82516cf-8304-4c1c-ad14-1e3d94ab0378-8728161344","trial_id":45,"param_name":"hidden_dim","param_value_internal":176.0,"distribution":"{\"name\": \"IntDistribution\", \"attributes\": {\"log\": false, \"step\": 1, \"low\": 4, \"high\": 512}}"}
{"op_code":6,"worker_id":"e82516cf-8304-4c1c-ad14-1e3d94ab0378-8728161344","trial_id":45,"state":1,"values":[0.18453393876552582],"datetime_complete":"2026-06-07T20:23:31.217735"}
{"op_code":4,"worker_id":"e82516cf-8304-4c1c-ad14-1e3d94ab0378-8728161344","study_id":0,"datetime_start":"2026-06-07T20:23:31.219254"}
{"op_code":5,"worker_id":"e82516cf-8304-4c1c-ad14-1e3d94ab0378-8728161344","trial_id":46,"param_name":"lr","param_value_internal":0.01163177518255769,"distribution":"{\"name\": \"FloatDistribution\", \"attributes\": {\"step\": null, \"low\": 1e-05, \"high\": 0.1, \"log\": true}}"}
{"op_code":5,"worker_id":"e82516cf-8304-4c1c-ad14-1e3d94ab0378-8728161344","trial_id":46,"param_name":"batch_size","param_value_internal":3873.0,"distribution":"{\"name\": \"IntDistribution\", \"attributes\": {\"log\": false, \"step\": 1, \"low\": 32, \"high\": 4096}}"}
{"op_code":5,"worker_id":"e82516cf-8304-4c1c-ad14-1e3d94ab0378-8728161344","trial_id":46,"param_name":"n_hidden","param_value_internal":2.0,"distribution":"{\"name\": \"IntDistribution\", \"attributes\": {\"log\": false, \"step\": 1, \"low\": 1, \"high\": 16}}"}
{"op_code":5,"worker_id":"e82516cf-8304-4c1c-ad14-1e3d94ab0378-8728161344","trial_id":46,"param_name":"hidden_dim","param_value_internal":136.0,"distribution":"{\"name\": \"IntDistribution\", \"attributes\": {\"log\": false, \"step\": 1, \"low\": 4, \"high\": 512}}"}
{"op_code":6,"worker_id":"e82516cf-8304-4c1c-ad14-1e3d94ab0378-8728161344","trial_id":46,"state":1,"values":[0.18813182413578033],"datetime_complete":"2026-06-07T20:23:41.239796"}
{"op_code":4,"worker_id":"e82516cf-8304-4c1c-ad14-1e3d94ab0378-8728161344","study_id":0,"datetime_start":"2026-06-07T20:23:41.241173"}
{"op_code":5,"worker_id":"e82516cf-8304-4c1c-ad14-1e3d94ab0378-8728161344","trial_id":47,"param_name":"lr","param_value_internal":0.01752665119155447,"distribution":"{\"name\": \"FloatDistribution\", \"attributes\": {\"step\": null, \"low\": 1e-05, \"high\": 0.1, \"log\": true}}"}
{"op_code":5,"worker_id":"e82516cf-8304-4c1c-ad14-1e3d94ab0378-8728161344","trial_id":47,"param_name":"batch_size","param_value_internal":3881.0,"distribution":"{\"name\": \"IntDistribution\", \"attributes\": {\"log\": false, \"step\": 1, \"low\": 32, \"high\": 4096}}"}
{"op_code":5,"worker_id":"e82516cf-8304-4c1c-ad14-1e3d94ab0378-8728161344","trial_id":47,"param_name":"n_hidden","param_value_internal":1.0,"distribution":"{\"name\": \"IntDistribution\", \"attributes\": {\"log\": false, \"step\": 1, \"low\": 1, \"high\": 16}}"}
{"op_code":5,"worker_id":"e82516cf-8304-4c1c-ad14-1e3d94ab0378-8728161344","trial_id":47,"param_name":"hidden_dim","param_value_internal":155.0,"distribution":"{\"name\": \"IntDistribution\", \"attributes\": {\"log\": false, \"step\": 1, \"low\": 4, \"high\": 512}}"}
{"op_code":6,"worker_id":"e82516cf-8304-4c1c-ad14-1e3d94ab0378-8728161344","trial_id":47,"state":1,"values":[0.18687744438648224],"datetime_complete":"2026-06-07T20:23:50.833003"}
{"op_code":4,"worker_id":"e82516cf-8304-4c1c-ad14-1e3d94ab0378-8728161344","study_id":0,"datetime_start":"2026-06-07T20:23:50.834392"}
{"op_code":5,"worker_id":"e82516cf-8304-4c1c-ad14-1e3d94ab0378-8728161344","trial_id":48,"param_name":"lr","param_value_internal":0.008388934669288192,"distribution":"{\"name\": \"FloatDistribution\", \"attributes\": {\"step\": null, \"low\": 1e-05, \"high\": 0.1, \"log\": true}}"}
{"op_code":5,"worker_id":"e82516cf-8304-4c1c-ad14-1e3d94ab0378-8728161344","trial_id":48,"param_name":"batch_size","param_value_internal":3486.0,"distribution":"{\"name\": \"IntDistribution\", \"attributes\": {\"log\": false, \"step\": 1, \"low\": 32, \"high\": 4096}}"}
{"op_code":5,"worker_id":"e82516cf-8304-4c1c-ad14-1e3d94ab0378-8728161344","trial_id":48,"param_name":"n_hidden","param_value_internal":2.0,"distribution":"{\"name\": \"IntDistribution\", \"attributes\": {\"log\": false, \"step\": 1, \"low\": 1, \"high\": 16}}"}
{"op_code":5,"worker_id":"e82516cf-8304-4c1c-ad14-1e3d94ab0378-8728161344","trial_id":48,"param_name":"hidden_dim","param_value_internal":185.0,"distribution":"{\"name\": \"IntDistribution\", \"attributes\": {\"log\": false, \"step\": 1, \"low\": 4, \"high\": 512}}"}
{"op_code":6,"worker_id":"e82516cf-8304-4c1c-ad14-1e3d94ab0378-8728161344","trial_id":48,"state":1,"values":[0.18949360251426697],"datetime_complete":"2026-06-07T20:24:00.849528"}
{"op_code":4,"worker_id":"e82516cf-8304-4c1c-ad14-1e3d94ab0378-8728161344","study_id":0,"datetime_start":"2026-06-07T20:24:00.850920"}
{"op_code":5,"worker_id":"e82516cf-8304-4c1c-ad14-1e3d94ab0378-8728161344","trial_id":49,"param_name":"lr","param_value_internal":0.004574539755812484,"distribution":"{\"name\": \"FloatDistribution\", \"attributes\": {\"step\": null, \"low\": 1e-05, \"high\": 0.1, \"log\": true}}"}
{"op_code":5,"worker_id":"e82516cf-8304-4c1c-ad14-1e3d94ab0378-8728161344","trial_id":49,"param_name":"batch_size","param_value_internal":4070.0,"distribution":"{\"name\": \"IntDistribution\", \"attributes\": {\"log\": false, \"step\": 1, \"low\": 32, \"high\": 4096}}"}
{"op_code":5,"worker_id":"e82516cf-8304-4c1c-ad14-1e3d94ab0378-8728161344","trial_id":49,"param_name":"n_hidden","param_value_internal":1.0,"distribution":"{\"name\": \"IntDistribution\", \"attributes\": {\"log\": false, \"step\": 1, \"low\": 1, \"high\": 16}}"}
{"op_code":5,"worker_id":"e82516cf-8304-4c1c-ad14-1e3d94ab0378-8728161344","trial_id":49,"param_name":"hidden_dim","param_value_internal":225.0,"distribution":"{\"name\": \"IntDistribution\", \"attributes\": {\"log\": false, \"step\": 1, \"low\": 4, \"high\": 512}}"}
{"op_code":6,"worker_id":"e82516cf-8304-4c1c-ad14-1e3d94ab0378-8728161344","trial_id":49,"state":1,"values":[0.18411690294742583],"datetime_complete":"2026-06-07T20:24:11.313807"}
{"op_code":4,"worker_id":"e82516cf-8304-4c1c-ad14-1e3d94ab0378-8728161344","study_id":0,"datetime_start":"2026-06-07T20:24:11.315216"}
{"op_code":5,"worker_id":"e82516cf-8304-4c1c-ad14-1e3d94ab0378-8728161344","trial_id":50,"param_name":"lr","param_value_internal":0.00405697239781094,"distribution":"{\"name\": \"FloatDistribution\", \"attributes\": {\"step\": null, \"low\": 1e-05, \"high\": 0.1, \"log\": true}}"}
{"op_code":5,"worker_id":"e82516cf-8304-4c1c-ad14-1e3d94ab0378-8728161344","trial_id":50,"param_name":"batch_size","param_value_internal":4092.0,"distribution":"{\"name\": \"IntDistribution\", \"attributes\": {\"log\": false, \"step\": 1, \"low\": 32, \"high\": 4096}}"}
{"op_code":5,"worker_id":"e82516cf-8304-4c1c-ad14-1e3d94ab0378-8728161344","trial_id":50,"param_name":"n_hidden","param_value_internal":1.0,"distribution":"{\"name\": \"IntDistribution\", \"attributes\": {\"log\": false, \"step\": 1, \"low\": 1, \"high\": 16}}"}
{"op_code":5,"worker_id":"e82516cf-8304-4c1c-ad14-1e3d94ab0378-8728161344","trial_id":50,"param_name":"hidden_dim","param_value_internal":231.0,"distribution":"{\"name\": \"IntDistribution\", \"attributes\": {\"log\": false, \"step\": 1, \"low\": 4, \"high\": 512}}"}
{"op_code":6,"worker_id":"e82516cf-8304-4c1c-ad14-1e3d94ab0378-8728161344","trial_id":50,"state":1,"values":[0.1832060009241104],"datetime_complete":"2026-06-07T20:24:21.878783"}
{"op_code":4,"worker_id":"e82516cf-8304-4c1c-ad14-1e3d94ab0378-8728161344","study_id":0,"datetime_start":"2026-06-07T20:24:21.880142"}
{"op_code":5,"worker_id":"e82516cf-8304-4c1c-ad14-1e3d94ab0378-8728161344","trial_id":51,"param_name":"lr","param_value_internal":0.004696665810813335,"distribution":"{\"name\": \"FloatDistribution\", \"attributes\": {\"step\": null, \"low\": 1e-05, \"high\": 0.1, \"log\": true}}"}
{"op_code":5,"worker_id":"e82516cf-8304-4c1c-ad14-1e3d94ab0378-8728161344","trial_id":51,"param_name":"batch_size","param_value_internal":4038.0,"distribution":"{\"name\": \"IntDistribution\", \"attributes\": {\"log\": false, \"step\": 1, \"low\": 32, \"high\": 4096}}"}
{"op_code":5,"worker_id":"e82516cf-8304-4c1c-ad14-1e3d94ab0378-8728161344","trial_id":51,"param_name":"n_hidden","param_value_internal":1.0,"distribution":"{\"name\": \"IntDistribution\", \"attributes\": {\"log\": false, \"step\": 1, \"low\": 1, \"high\": 16}}"}
{"op_code":5,"worker_id":"e82516cf-8304-4c1c-ad14-1e3d94ab0378-8728161344","trial_id":51,"param_name":"hidden_dim","param_value_internal":225.0,"distribution":"{\"name\": \"IntDistribution\", \"attributes\": {\"log\": false, \"step\": 1, \"low\": 4, \"high\": 512}}"}
{"op_code":6,"worker_id":"e82516cf-8304-4c1c-ad14-1e3d94ab0378-8728161344","trial_id":51,"state":1,"values":[0.18612399101257324],"datetime_complete":"2026-06-07T20:24:32.319194"}
{"op_code":4,"worker_id":"e82516cf-8304-4c1c-ad14-1e3d94ab0378-8728161344","study_id":0,"datetime_start":"2026-06-07T20:24:32.320523"}
{"op_code":5,"worker_id":"e82516cf-8304-4c1c-ad14-1e3d94ab0378-8728161344","trial_id":52,"param_name":"lr","param_value_internal":0.0023382015630118917,"distribution":"{\"name\": \"FloatDistribution\", \"attributes\": {\"step\": null, \"low\": 1e-05, \"high\": 0.1, \"log\": true}}"}
{"op_code":5,"worker_id":"e82516cf-8304-4c1c-ad14-1e3d94ab0378-8728161344","trial_id":52,"param_name":"batch_size","param_value_internal":3804.0,"distribution":"{\"name\": \"IntDistribution\", \"attributes\": {\"log\": false, \"step\": 1, \"low\": 32, \"high\": 4096}}"}
{"op_code":5,"worker_id":"e82516cf-8304-4c1c-ad14-1e3d94ab0378-8728161344","trial_id":52,"param_name":"n_hidden","param_value_internal":1.0,"distribution":"{\"name\": \"IntDistribution\", \"attributes\": {\"log\": false, \"step\": 1, \"low\": 1, \"high\": 16}}"}
{"op_code":5,"worker_id":"e82516cf-8304-4c1c-ad14-1e3d94ab0378-8728161344","trial_id":52,"param_name":"hidden_dim","param_value_internal":94.0,"distribution":"{\"name\": \"IntDistribution\", \"attributes\": {\"log\": false, \"step\": 1, \"low\": 4, \"high\": 512}}"}
{"op_code":6,"worker_id":"e82516cf-8304-4c1c-ad14-1e3d94ab0378-8728161344","trial_id":52,"state":1,"values":[0.1901344120502472],"datetime_complete":"2026-06-07T20:24:41.624316"}
{"op_code":4,"worker_id":"e82516cf-8304-4c1c-ad14-1e3d94ab0378-8728161344","study_id":0,"datetime_start":"2026-06-07T20:24:41.625732"}
{"op_code":5,"worker_id":"e82516cf-8304-4c1c-ad14-1e3d94ab0378-8728161344","trial_id":53,"param_name":"lr","param_value_internal":0.040291898356751114,"distribution":"{\"name\": \"FloatDistribution\", \"attributes\": {\"step\": null, \"low\": 1e-05, \"high\": 0.1, \"log\": true}}"}
{"op_code":5,"worker_id":"e82516cf-8304-4c1c-ad14-1e3d94ab0378-8728161344","trial_id":53,"param_name":"batch_size","param_value_internal":3789.0,"distribution":"{\"name\": \"IntDistribution\", \"attributes\": {\"log\": false, \"step\": 1, \"low\": 32, \"high\": 4096}}"}
{"op_code":5,"worker_id":"e82516cf-8304-4c1c-ad14-1e3d94ab0378-8728161344","trial_id":53,"param_name":"n_hidden","param_value_internal":2.0,"distribution":"{\"name\": \"IntDistribution\", \"attributes\": {\"log\": false, \"step\": 1, \"low\": 1, \"high\": 16}}"}
{"op_code":5,"worker_id":"e82516cf-8304-4c1c-ad14-1e3d94ab0378-8728161344","trial_id":53,"param_name":"hidden_dim","param_value_internal":234.0,"distribution":"{\"name\": \"IntDistribution\", \"attributes\": {\"log\": false, \"step\": 1, \"low\": 4, \"high\": 512}}"}
{"op_code":6,"worker_id":"e82516cf-8304-4c1c-ad14-1e3d94ab0378-8728161344","trial_id":53,"state":1,"values":[0.20172888040542603],"datetime_complete":"2026-06-07T20:24:51.658217"}
{"op_code":4,"worker_id":"e82516cf-8304-4c1c-ad14-1e3d94ab0378-8728161344","study_id":0,"datetime_start":"2026-06-07T20:24:51.659595"}
{"op_code":5,"worker_id":"e82516cf-8304-4c1c-ad14-1e3d94ab0378-8728161344","trial_id":54,"param_name":"lr","param_value_internal":0.0037590005658573165,"distribution":"{\"name\": \"FloatDistribution\", \"attributes\": {\"step\": null, \"low\": 1e-05, \"high\": 0.1, \"log\": true}}"}
{"op_code":5,"worker_id":"e82516cf-8304-4c1c-ad14-1e3d94ab0378-8728161344","trial_id":54,"param_name":"batch_size","param_value_internal":4079.0,"distribution":"{\"name\": \"IntDistribution\", \"attributes\": {\"log\": false, \"step\": 1, \"low\": 32, \"high\": 4096}}"}
{"op_code":5,"worker_id":"e82516cf-8304-4c1c-ad14-1e3d94ab0378-8728161344","trial_id":54,"param_name":"n_hidden","param_value_internal":1.0,"distribution":"{\"name\": \"IntDistribution\", \"attributes\": {\"log\": false, \"step\": 1, \"low\": 1, \"high\": 16}}"}
{"op_code":5,"worker_id":"e82516cf-8304-4c1c-ad14-1e3d94ab0378-8728161344","trial_id":54,"param_name":"hidden_dim","param_value_internal":118.0,"distribution":"{\"name\": \"IntDistribution\", \"attributes\": {\"log\": false, \"step\": 1, \"low\": 4, \"high\": 512}}"}
{"op_code":6,"worker_id":"e82516cf-8304-4c1c-ad14-1e3d94ab0378-8728161344","trial_id":54,"state":1,"values":[0.18553769290447236],"datetime_complete":"2026-06-07T20:25:01.649098"}
{"op_code":4,"worker_id":"e82516cf-8304-4c1c-ad14-1e3d94ab0378-8728161344","study_id":0,"datetime_start":"2026-06-07T20:25:01.650429"}
{"op_code":5,"worker_id":"e82516cf-8304-4c1c-ad14-1e3d94ab0378-8728161344","trial_id":55,"param_name":"lr","param_value_internal":0.003792445437891249,"distribution":"{\"name\": \"FloatDistribution\", \"attributes\": {\"step\": null, \"low\": 1e-05, \"high\": 0.1, \"log\": true}}"}
{"op_code":5,"worker_id":"e82516cf-8304-4c1c-ad14-1e3d94ab0378-8728161344","trial_id":55,"param_name":"batch_size","param_value_internal":4089.0,"distribution":"{\"name\": \"IntDistribution\", \"attributes\": {\"log\": false, \"step\": 1, \"low\": 32, \"high\": 4096}}"}
{"op_code":5,"worker_id":"e82516cf-8304-4c1c-ad14-1e3d94ab0378-8728161344","trial_id":55,"param_name":"n_hidden","param_value_internal":2.0,"distribution":"{\"name\": \"IntDistribution\", \"attributes\": {\"log\": false, \"step\": 1, \"low\": 1, \"high\": 16}}"}
{"op_code":5,"worker_id":"e82516cf-8304-4c1c-ad14-1e3d94ab0378-8728161344","trial_id":55,"param_name":"hidden_dim","param_value_internal":121.0,"distribution":"{\"name\": \"IntDistribution\", \"attributes\": {\"log\": false, \"step\": 1, \"low\": 4, \"high\": 512}}"}
{"op_code":6,"worker_id":"e82516cf-8304-4c1c-ad14-1e3d94ab0378-8728161344","trial_id":55,"state":1,"values":[0.18598175942897796],"datetime_complete":"2026-06-07T20:25:12.254371"}
{"op_code":4,"worker_id":"e82516cf-8304-4c1c-ad14-1e3d94ab0378-8728161344","study_id":0,"datetime_start":"2026-06-07T20:25:12.255631"}
{"op_code":5,"worker_id":"e82516cf-8304-4c1c-ad14-1e3d94ab0378-8728161344","trial_id":56,"param_name":"lr","param_value_internal":0.008476680726235423,"distribution":"{\"name\": \"FloatDistribution\", \"attributes\": {\"step\": null, \"low\": 1e-05, \"high\": 0.1, \"log\": true}}"}
{"op_code":5,"worker_id":"e82516cf-8304-4c1c-ad14-1e3d94ab0378-8728161344","trial_id":56,"param_name":"batch_size","param_value_internal":3943.0,"distribution":"{\"name\": \"IntDistribution\", \"attributes\": {\"log\": false, \"step\": 1, \"low\": 32, \"high\": 4096}}"}
{"op_code":5,"worker_id":"e82516cf-8304-4c1c-ad14-1e3d94ab0378-8728161344","trial_id":56,"param_name":"n_hidden","param_value_internal":1.0,"distribution":"{\"name\": \"IntDistribution\", \"attributes\": {\"log\": false, \"step\": 1, \"low\": 1, \"high\": 16}}"}
{"op_code":5,"worker_id":"e82516cf-8304-4c1c-ad14-1e3d94ab0378-8728161344","trial_id":56,"param_name":"hidden_dim","param_value_internal":208.0,"distribution":"{\"name\": \"IntDistribution\", \"attributes\": {\"log\": false, \"step\": 1, \"low\": 4, \"high\": 512}}"}
{"op_code":6,"worker_id":"e82516cf-8304-4c1c-ad14-1e3d94ab0378-8728161344","trial_id":56,"state":1,"values":[0.18711896240711212],"datetime_complete":"2026-06-07T20:25:22.067477"}
{"op_code":4,"worker_id":"e82516cf-8304-4c1c-ad14-1e3d94ab0378-8728161344","study_id":0,"datetime_start":"2026-06-07T20:25:22.068976"}
{"op_code":5,"worker_id":"e82516cf-8304-4c1c-ad14-1e3d94ab0378-8728161344","trial_id":57,"param_name":"lr","param_value_internal":0.0026688685502990524,"distribution":"{\"name\": \"FloatDistribution\", \"attributes\": {\"step\": null, \"low\": 1e-05, \"high\": 0.1, \"log\": true}}"}
{"op_code":5,"worker_id":"e82516cf-8304-4c1c-ad14-1e3d94ab0378-8728161344","trial_id":57,"param_name":"batch_size","param_value_internal":3740.0,"distribution":"{\"name\": \"IntDistribution\", \"attributes\": {\"log\": false, \"step\": 1, \"low\": 32, \"high\": 4096}}"}
{"op_code":5,"worker_id":"e82516cf-8304-4c1c-ad14-1e3d94ab0378-8728161344","trial_id":57,"param_name":"n_hidden","param_value_internal":5.0,"distribution":"{\"name\": \"IntDistribution\", \"attributes\": {\"log\": false, \"step\": 1, \"low\": 1, \"high\": 16}}"}
{"op_code":5,"worker_id":"e82516cf-8304-4c1c-ad14-1e3d94ab0378-8728161344","trial_id":57,"param_name":"hidden_dim","param_value_internal":163.0,"distribution":"{\"name\": \"IntDistribution\", \"attributes\": {\"log\": false, \"step\": 1, \"low\": 4, \"high\": 512}}"}
{"op_code":6,"worker_id":"e82516cf-8304-4c1c-ad14-1e3d94ab0378-8728161344","trial_id":57,"state":1,"values":[0.19118636846542358],"datetime_complete":"2026-06-07T20:25:32.720309"}
{"op_code":4,"worker_id":"e82516cf-8304-4c1c-ad14-1e3d94ab0378-8728161344","study_id":0,"datetime_start":"2026-06-07T20:25:32.721672"}
{"op_code":5,"worker_id":"e82516cf-8304-4c1c-ad14-1e3d94ab0378-8728161344","trial_id":58,"param_name":"lr","param_value_internal":0.016471779658446994,"distribution":"{\"name\": \"FloatDistribution\", \"attributes\": {\"step\": null, \"low\": 1e-05, \"high\": 0.1, \"log\": true}}"}
{"op_code":5,"worker_id":"e82516cf-8304-4c1c-ad14-1e3d94ab0378-8728161344","trial_id":58,"param_name":"batch_size","param_value_internal":3939.0,"distribution":"{\"name\": \"IntDistribution\", \"attributes\": {\"log\": false, \"step\": 1, \"low\": 32, \"high\": 4096}}"}
{"op_code":5,"worker_id":"e82516cf-8304-4c1c-ad14-1e3d94ab0378-8728161344","trial_id":58,"param_name":"n_hidden","param_value_internal":2.0,"distribution":"{\"name\": \"IntDistribution\", \"attributes\": {\"log\": false, \"step\": 1, \"low\": 1, \"high\": 16}}"}
{"op_code":5,"worker_id":"e82516cf-8304-4c1c-ad14-1e3d94ab0378-8728161344","trial_id":58,"param_name":"hidden_dim","param_value_internal":65.0,"distribution":"{\"name\": \"IntDistribution\", \"attributes\": {\"log\": false, \"step\": 1, \"low\": 4, \"high\": 512}}"}
{"op_code":6,"worker_id":"e82516cf-8304-4c1c-ad14-1e3d94ab0378-8728161344","trial_id":58,"state":1,"values":[0.18684745728969573],"datetime_complete":"2026-06-07T20:25:42.548726"}
{"op_code":4,"worker_id":"e82516cf-8304-4c1c-ad14-1e3d94ab0378-8728161344","study_id":0,"datetime_start":"2026-06-07T20:25:42.550057"}
{"op_code":5,"worker_id":"e82516cf-8304-4c1c-ad14-1e3d94ab0378-8728161344","trial_id":59,"param_name":"lr","param_value_internal":0.011307781204879061,"distribution":"{\"name\": \"FloatDistribution\", \"attributes\": {\"step\": null, \"low\": 1e-05, \"high\": 0.1, \"log\": true}}"}
{"op_code":5,"worker_id":"e82516cf-8304-4c1c-ad14-1e3d94ab0378-8728161344","trial_id":59,"param_name":"batch_size","param_value_internal":3465.0,"distribution":"{\"name\": \"IntDistribution\", \"attributes\": {\"log\": false, \"step\": 1, \"low\": 32, \"high\": 4096}}"}
{"op_code":5,"worker_id":"e82516cf-8304-4c1c-ad14-1e3d94ab0378-8728161344","trial_id":59,"param_name":"n_hidden","param_value_internal":3.0,"distribution":"{\"name\": \"IntDistribution\", \"attributes\": {\"log\": false, \"step\": 1, \"low\": 1, \"high\": 16}}"}
{"op_code":5,"worker_id":"e82516cf-8304-4c1c-ad14-1e3d94ab0378-8728161344","trial_id":59,"param_name":"hidden_dim","param_value_internal":261.0,"distribution":"{\"name\": \"IntDistribution\", \"attributes\": {\"log\": false, \"step\": 1, \"low\": 4, \"high\": 512}}"}
{"op_code":6,"worker_id":"e82516cf-8304-4c1c-ad14-1e3d94ab0378-8728161344","trial_id":59,"state":1,"values":[0.19692403376102446],"datetime_complete":"2026-06-07T20:25:52.592288"}
{"op_code":4,"worker_id":"e82516cf-8304-4c1c-ad14-1e3d94ab0378-8728161344","study_id":0,"datetime_start":"2026-06-07T20:25:52.593551"}
{"op_code":5,"worker_id":"e82516cf-8304-4c1c-ad14-1e3d94ab0378-8728161344","trial_id":60,"param_name":"lr","param_value_internal":0.0038172972379067367,"distribution":"{\"name\": \"FloatDistribution\", \"attributes\": {\"step\": null, \"low\": 1e-05, \"high\": 0.1, \"log\": true}}"}
{"op_code":5,"worker_id":"e82516cf-8304-4c1c-ad14-1e3d94ab0378-8728161344","trial_id":60,"param_name":"batch_size","param_value_internal":3137.0,"distribution":"{\"name\": \"IntDistribution\", \"attributes\": {\"log\": false, \"step\": 1, \"low\": 32, \"high\": 4096}}"}
{"op_code":5,"worker_id":"e82516cf-8304-4c1c-ad14-1e3d94ab0378-8728161344","trial_id":60,"param_name":"n_hidden","param_value_internal":15.0,"distribution":"{\"name\": \"IntDistribution\", \"attributes\": {\"log\": false, \"step\": 1, \"low\": 1, \"high\": 16}}"}
{"op_code":5,"worker_id":"e82516cf-8304-4c1c-ad14-1e3d94ab0378-8728161344","trial_id":60,"param_name":"hidden_dim","param_value_internal":115.0,"distribution":"{\"name\": \"IntDistribution\", \"attributes\": {\"log\": false, \"step\": 1, \"low\": 4, \"high\": 512}}"}
{"op_code":6,"worker_id":"e82516cf-8304-4c1c-ad14-1e3d94ab0378-8728161344","trial_id":60,"state":1,"values":[0.28840983510017393],"datetime_complete":"2026-06-07T20:26:05.152180"}
{"op_code":4,"worker_id":"e82516cf-8304-4c1c-ad14-1e3d94ab0378-8728161344","study_id":0,"datetime_start":"2026-06-07T20:26:05.153487"}
{"op_code":5,"worker_id":"e82516cf-8304-4c1c-ad14-1e3d94ab0378-8728161344","trial_id":61,"param_name":"lr","param_value_internal":0.006167886177205534,"distribution":"{\"name\": \"FloatDistribution\", \"attributes\": {\"step\": null, \"low\": 1e-05, \"high\": 0.1, \"log\": true}}"}
{"op_code":5,"worker_id":"e82516cf-8304-4c1c-ad14-1e3d94ab0378-8728161344","trial_id":61,"param_name":"batch_size","param_value_internal":3458.0,"distribution":"{\"name\": \"IntDistribution\", \"attributes\": {\"log\": false, \"step\": 1, \"low\": 32, \"high\": 4096}}"}
{"op_code":5,"worker_id":"e82516cf-8304-4c1c-ad14-1e3d94ab0378-8728161344","trial_id":61,"param_name":"n_hidden","param_value_internal":1.0,"distribution":"{\"name\": \"IntDistribution\", \"attributes\": {\"log\": false, \"step\": 1, \"low\": 1, \"high\": 16}}"}
{"op_code":5,"worker_id":"e82516cf-8304-4c1c-ad14-1e3d94ab0378-8728161344","trial_id":61,"param_name":"hidden_dim","param_value_internal":179.0,"distribution":"{\"name\": \"IntDistribution\", \"attributes\": {\"log\": false, \"step\": 1, \"low\": 4, \"high\": 512}}"}
{"op_code":6,"worker_id":"e82516cf-8304-4c1c-ad14-1e3d94ab0378-8728161344","trial_id":61,"state":1,"values":[0.18423615396022797],"datetime_complete":"2026-06-07T20:26:14.781353"}
{"op_code":4,"worker_id":"e82516cf-8304-4c1c-ad14-1e3d94ab0378-8728161344","study_id":0,"datetime_start":"2026-06-07T20:26:14.782719"}
{"op_code":5,"worker_id":"e82516cf-8304-4c1c-ad14-1e3d94ab0378-8728161344","trial_id":62,"param_name":"lr","param_value_internal":0.007972834631455922,"distribution":"{\"name\": \"FloatDistribution\", \"attributes\": {\"step\": null, \"low\": 1e-05, \"high\": 0.1, \"log\": true}}"}
{"op_code":5,"worker_id":"e82516cf-8304-4c1c-ad14-1e3d94ab0378-8728161344","trial_id":62,"param_name":"batch_size","param_value_internal":4083.0,"distribution":"{\"name\": \"IntDistribution\", \"attributes\": {\"log\": false, \"step\": 1, \"low\": 32, \"high\": 4096}}"}
{"op_code":5,"worker_id":"e82516cf-8304-4c1c-ad14-1e3d94ab0378-8728161344","trial_id":62,"param_name":"n_hidden","param_value_internal":1.0,"distribution":"{\"name\": \"IntDistribution\", \"attributes\": {\"log\": false, \"step\": 1, \"low\": 1, \"high\": 16}}"}
{"op_code":5,"worker_id":"e82516cf-8304-4c1c-ad14-1e3d94ab0378-8728161344","trial_id":62,"param_name":"hidden_dim","param_value_internal":199.0,"distribution":"{\"name\": \"IntDistribution\", \"attributes\": {\"log\": false, \"step\": 1, \"low\": 4, \"high\": 512}}"}
{"op_code":6,"worker_id":"e82516cf-8304-4c1c-ad14-1e3d94ab0378-8728161344","trial_id":62,"state":1,"values":[0.18795262575149535],"datetime_complete":"2026-06-07T20:26:25.294125"}
{"op_code":4,"worker_id":"e82516cf-8304-4c1c-ad14-1e3d94ab0378-8728161344","study_id":0,"datetime_start":"2026-06-07T20:26:25.295530"}
{"op_code":5,"worker_id":"e82516cf-8304-4c1c-ad14-1e3d94ab0378-8728161344","trial_id":63,"param_name":"lr","param_value_internal":0.00235484927215147,"distribution":"{\"name\": \"FloatDistribution\", \"attributes\": {\"step\": null, \"low\": 1e-05, \"high\": 0.1, \"log\": true}}"}
{"op_code":5,"worker_id":"e82516cf-8304-4c1c-ad14-1e3d94ab0378-8728161344","trial_id":63,"param_name":"batch_size","param_value_internal":3738.0,"distribution":"{\"name\": \"IntDistribution\", \"attributes\": {\"log\": false, \"step\": 1, \"low\": 32, \"high\": 4096}}"}
{"op_code":5,"worker_id":"e82516cf-8304-4c1c-ad14-1e3d94ab0378-8728161344","trial_id":63,"param_name":"n_hidden","param_value_internal":1.0,"distribution":"{\"name\": \"IntDistribution\", \"attributes\": {\"log\": false, \"step\": 1, \"low\": 1, \"high\": 16}}"}
{"op_code":5,"worker_id":"e82516cf-8304-4c1c-ad14-1e3d94ab0378-8728161344","trial_id":63,"param_name":"hidden_dim","param_value_internal":240.0,"distribution":"{\"name\": \"IntDistribution\", \"attributes\": {\"log\": false, \"step\": 1, \"low\": 4, \"high\": 512}}"}
{"op_code":6,"worker_id":"e82516cf-8304-4c1c-ad14-1e3d94ab0378-8728161344","trial_id":63,"state":1,"values":[0.18613331615924836],"datetime_complete":"2026-06-07T20:26:35.832277"}
{"op_code":4,"worker_id":"e82516cf-8304-4c1c-ad14-1e3d94ab0378-8728161344","study_id":0,"datetime_start":"2026-06-07T20:26:35.833700"}
{"op_code":5,"worker_id":"e82516cf-8304-4c1c-ad14-1e3d94ab0378-8728161344","trial_id":64,"param_name":"lr","param_value_internal":0.0011793734374463852,"distribution":"{\"name\": \"FloatDistribution\", \"attributes\": {\"step\": null, \"low\": 1e-05, \"high\": 0.1, \"log\": true}}"}
{"op_code":5,"worker_id":"e82516cf-8304-4c1c-ad14-1e3d94ab0378-8728161344","trial_id":64,"param_name":"batch_size","param_value_internal":3946.0,"distribution":"{\"name\": \"IntDistribution\", \"attributes\": {\"log\": false, \"step\": 1, \"low\": 32, \"high\": 4096}}"}
{"op_code":5,"worker_id":"e82516cf-8304-4c1c-ad14-1e3d94ab0378-8728161344","trial_id":64,"param_name":"n_hidden","param_value_internal":2.0,"distribution":"{\"name\": \"IntDistribution\", \"attributes\": {\"log\": false, \"step\": 1, \"low\": 1, \"high\": 16}}"}
{"op_code":5,"worker_id":"e82516cf-8304-4c1c-ad14-1e3d94ab0378-8728161344","trial_id":64,"param_name":"hidden_dim","param_value_internal":172.0,"distribution":"{\"name\": \"IntDistribution\", \"attributes\": {\"log\": false, \"step\": 1, \"low\": 4, \"high\": 512}}"}
{"op_code":6,"worker_id":"e82516cf-8304-4c1c-ad14-1e3d94ab0378-8728161344","trial_id":64,"state":1,"values":[0.18755060136318208],"datetime_complete":"2026-06-07T20:26:46.793708"}
{"op_code":4,"worker_id":"e82516cf-8304-4c1c-ad14-1e3d94ab0378-8728161344","study_id":0,"datetime_start":"2026-06-07T20:26:46.795067"}
{"op_code":5,"worker_id":"e82516cf-8304-4c1c-ad14-1e3d94ab0378-8728161344","trial_id":65,"param_name":"lr","param_value_internal":0.0039032015529380415,"distribution":"{\"name\": \"FloatDistribution\", \"attributes\": {\"step\": null, \"low\": 1e-05, \"high\": 0.1, \"log\": true}}"}
{"op_code":5,"worker_id":"e82516cf-8304-4c1c-ad14-1e3d94ab0378-8728161344","trial_id":65,"param_name":"batch_size","param_value_internal":3424.0,"distribution":"{\"name\": \"IntDistribution\", \"attributes\": {\"log\": false, \"step\": 1, \"low\": 32, \"high\": 4096}}"}
{"op_code":5,"worker_id":"e82516cf-8304-4c1c-ad14-1e3d94ab0378-8728161344","trial_id":65,"param_name":"n_hidden","param_value_internal":2.0,"distribution":"{\"name\": \"IntDistribution\", \"attributes\": {\"log\": false, \"step\": 1, \"low\": 1, \"high\": 16}}"}
{"op_code":5,"worker_id":"e82516cf-8304-4c1c-ad14-1e3d94ab0378-8728161344","trial_id":65,"param_name":"hidden_dim","param_value_internal":138.0,"distribution":"{\"name\": \"IntDistribution\", \"attributes\": {\"log\": false, \"step\": 1, \"low\": 4, \"high\": 512}}"}
{"op_code":6,"worker_id":"e82516cf-8304-4c1c-ad14-1e3d94ab0378-8728161344","trial_id":65,"state":1,"values":[0.18570066392421722],"datetime_complete":"2026-06-07T20:26:58.411789"}
{"op_code":4,"worker_id":"e82516cf-8304-4c1c-ad14-1e3d94ab0378-8728161344","study_id":0,"datetime_start":"2026-06-07T20:26:58.415142"}
{"op_code":5,"worker_id":"e82516cf-8304-4c1c-ad14-1e3d94ab0378-8728161344","trial_id":66,"param_name":"lr","param_value_internal":0.0071531501012863435,"distribution":"{\"name\": \"FloatDistribution\", \"attributes\": {\"step\": null, \"low\": 1e-05, \"high\": 0.1, \"log\": true}}"}
{"op_code":5,"worker_id":"e82516cf-8304-4c1c-ad14-1e3d94ab0378-8728161344","trial_id":66,"param_name":"batch_size","param_value_internal":3640.0,"distribution":"{\"name\": \"IntDistribution\", \"attributes\": {\"log\": false, \"step\": 1, \"low\": 32, \"high\": 4096}}"}
{"op_code":5,"worker_id":"e82516cf-8304-4c1c-ad14-1e3d94ab0378-8728161344","trial_id":66,"param_name":"n_hidden","param_value_internal":16.0,"distribution":"{\"name\": \"IntDistribution\", \"attributes\": {\"log\": false, \"step\": 1, \"low\": 1, \"high\": 16}}"}
{"op_code":5,"worker_id":"e82516cf-8304-4c1c-ad14-1e3d94ab0378-8728161344","trial_id":66,"param_name":"hidden_dim","param_value_internal":76.0,"distribution":"{\"name\": \"IntDistribution\", \"attributes\": {\"log\": false, \"step\": 1, \"low\": 4, \"high\": 512}}"}
{"op_code":6,"worker_id":"e82516cf-8304-4c1c-ad14-1e3d94ab0378-8728161344","trial_id":66,"state":1,"values":[0.3090808868408203],"datetime_complete":"2026-06-07T20:27:13.494010"}
{"op_code":4,"worker_id":"e82516cf-8304-4c1c-ad14-1e3d94ab0378-8728161344","study_id":0,"datetime_start":"2026-06-07T20:27:13.495583"}
{"op_code":5,"worker_id":"e82516cf-8304-4c1c-ad14-1e3d94ab0378-8728161344","trial_id":67,"param_name":"lr","param_value_internal":0.0024720280350054714,"distribution":"{\"name\": \"FloatDistribution\", \"attributes\": {\"step\": null, \"low\": 1e-05, \"high\": 0.1, \"log\": true}}"}
{"op_code":5,"worker_id":"e82516cf-8304-4c1c-ad14-1e3d94ab0378-8728161344","trial_id":67,"param_name":"batch_size","param_value_internal":3829.0,"distribution":"{\"name\": \"IntDistribution\", \"attributes\": {\"log\": false, \"step\": 1, \"low\": 32, \"high\": 4096}}"}
{"op_code":5,"worker_id":"e82516cf-8304-4c1c-ad14-1e3d94ab0378-8728161344","trial_id":67,"param_name":"n_hidden","param_value_internal":1.0,"distribution":"{\"name\": \"IntDistribution\", \"attributes\": {\"log\": false, \"step\": 1, \"low\": 1, \"high\": 16}}"}
{"op_code":5,"worker_id":"e82516cf-8304-4c1c-ad14-1e3d94ab0378-8728161344","trial_id":67,"param_name":"hidden_dim","param_value_internal":221.0,"distribution":"{\"name\": \"IntDistribution\", \"attributes\": {\"log\": false, \"step\": 1, \"low\": 4, \"high\": 512}}"}
{"op_code":6,"worker_id":"e82516cf-8304-4c1c-ad14-1e3d94ab0378-8728161344","trial_id":67,"state":1,"values":[0.1854977637529373],"datetime_complete":"2026-06-07T20:27:23.748497"}
{"op_code":4,"worker_id":"e82516cf-8304-4c1c-ad14-1e3d94ab0378-8728161344","study_id":0,"datetime_start":"2026-06-07T20:27:23.749836"}
{"op_code":5,"worker_id":"e82516cf-8304-4c1c-ad14-1e3d94ab0378-8728161344","trial_id":68,"param_name":"lr","param_value_internal":0.0007143867249701091,"distribution":"{\"name\": \"FloatDistribution\", \"attributes\": {\"step\": null, \"low\": 1e-05, \"high\": 0.1, \"log\": true}}"}
{"op_code":5,"worker_id":"e82516cf-8304-4c1c-ad14-1e3d94ab0378-8728161344","trial_id":68,"param_name":"batch_size","param_value_internal":3814.0,"distribution":"{\"name\": \"IntDistribution\", \"attributes\": {\"log\": false, \"step\": 1, \"low\": 32, \"high\": 4096}}"}
{"op_code":5,"worker_id":"e82516cf-8304-4c1c-ad14-1e3d94ab0378-8728161344","trial_id":68,"param_name":"n_hidden","param_value_internal":3.0,"distribution":"{\"name\": \"IntDistribution\", \"attributes\": {\"log\": false, \"step\": 1, \"low\": 1, \"high\": 16}}"}
{"op_code":5,"worker_id":"e82516cf-8304-4c1c-ad14-1e3d94ab0378-8728161344","trial_id":68,"param_name":"hidden_dim","param_value_internal":260.0,"distribution":"{\"name\": \"IntDistribution\", \"attributes\": {\"log\": false, \"step\": 1, \"low\": 4, \"high\": 512}}"}
{"op_code":6,"worker_id":"e82516cf-8304-4c1c-ad14-1e3d94ab0378-8728161344","trial_id":68,"state":1,"values":[0.18847104012966157],"datetime_complete":"2026-06-07T20:27:35.568609"}
{"op_code":4,"worker_id":"e82516cf-8304-4c1c-ad14-1e3d94ab0378-8728161344","study_id":0,"datetime_start":"2026-06-07T20:27:35.569913"}
{"op_code":5,"worker_id":"e82516cf-8304-4c1c-ad14-1e3d94ab0378-8728161344","trial_id":69,"param_name":"lr","param_value_internal":0.01553331868746657,"distribution":"{\"name\": \"FloatDistribution\", \"attributes\": {\"step\": null, \"low\": 1e-05, \"high\": 0.1, \"log\": true}}"}
{"op_code":5,"worker_id":"e82516cf-8304-4c1c-ad14-1e3d94ab0378-8728161344","trial_id":69,"param_name":"batch_size","param_value_internal":3608.0,"distribution":"{\"name\": \"IntDistribution\", \"attributes\": {\"log\": false, \"step\": 1, \"low\": 32, \"high\": 4096}}"}
{"op_code":5,"worker_id":"e82516cf-8304-4c1c-ad14-1e3d94ab0378-8728161344","trial_id":69,"param_name":"n_hidden","param_value_internal":2.0,"distribution":"{\"name\": \"IntDistribution\", \"attributes\": {\"log\": false, \"step\": 1, \"low\": 1, \"high\": 16}}"}
{"op_code":5,"worker_id":"e82516cf-8304-4c1c-ad14-1e3d94ab0378-8728161344","trial_id":69,"param_name":"hidden_dim","param_value_internal":217.0,"distribution":"{\"name\": \"IntDistribution\", \"attributes\": {\"log\": false, \"step\": 1, \"low\": 4, \"high\": 512}}"}
{"op_code":6,"worker_id":"e82516cf-8304-4c1c-ad14-1e3d94ab0378-8728161344","trial_id":69,"state":1,"values":[0.19290412366390228],"datetime_complete":"2026-06-07T20:27:47.621686"}
{"op_code":4,"worker_id":"e82516cf-8304-4c1c-ad14-1e3d94ab0378-8728161344","study_id":0,"datetime_start":"2026-06-07T20:27:47.623185"}
{"op_code":5,"worker_id":"e82516cf-8304-4c1c-ad14-1e3d94ab0378-8728161344","trial_id":70,"param_name":"lr","param_value_internal":1.6396169241136137e-05,"distribution":"{\"name\": \"FloatDistribution\", \"attributes\": {\"step\": null, \"low\": 1e-05, \"high\": 0.1, \"log\": true}}"}
{"op_code":5,"worker_id":"e82516cf-8304-4c1c-ad14-1e3d94ab0378-8728161344","trial_id":70,"param_name":"batch_size","param_value_internal":3389.0,"distribution":"{\"name\": \"IntDistribution\", \"attributes\": {\"log\": false, \"step\": 1, \"low\": 32, \"high\": 4096}}"}
{"op_code":5,"worker_id":"e82516cf-8304-4c1c-ad14-1e3d94ab0378-8728161344","trial_id":70,"param_name":"n_hidden","param_value_internal":1.0,"distribution":"{\"name\": \"IntDistribution\", \"attributes\": {\"log\": false, \"step\": 1, \"low\": 1, \"high\": 16}}"}
{"op_code":5,"worker_id":"e82516cf-8304-4c1c-ad14-1e3d94ab0378-8728161344","trial_id":70,"param_name":"hidden_dim","param_value_internal":282.0,"distribution":"{\"name\": \"IntDistribution\", \"attributes\": {\"log\": false, \"step\": 1, \"low\": 4, \"high\": 512}}"}
{"op_code":6,"worker_id":"e82516cf-8304-4c1c-ad14-1e3d94ab0378-8728161344","trial_id":70,"state":1,"values":[1.2726094722747803],"datetime_complete":"2026-06-07T20:27:58.743045"}
{"op_code":4,"worker_id":"e82516cf-8304-4c1c-ad14-1e3d94ab0378-8728161344","study_id":0,"datetime_start":"2026-06-07T20:27:58.744596"}
{"op_code":5,"worker_id":"e82516cf-8304-4c1c-ad14-1e3d94ab0378-8728161344","trial_id":71,"param_name":"lr","param_value_internal":0.0028538953865905256,"distribution":"{\"name\": \"FloatDistribution\", \"attributes\": {\"step\": null, \"low\": 1e-05, \"high\": 0.1, \"log\": true}}"}
{"op_code":5,"worker_id":"e82516cf-8304-4c1c-ad14-1e3d94ab0378-8728161344","trial_id":71,"param_name":"batch_size","param_value_internal":3969.0,"distribution":"{\"name\": \"IntDistribution\", \"attributes\": {\"log\": false, \"step\": 1, \"low\": 32, \"high\": 4096}}"}
{"op_code":5,"worker_id":"e82516cf-8304-4c1c-ad14-1e3d94ab0378-8728161344","trial_id":71,"param_name":"n_hidden","param_value_internal":1.0,"distribution":"{\"name\": \"IntDistribution\", \"attributes\": {\"log\": false, \"step\": 1, \"low\": 1, \"high\": 16}}"}
{"op_code":5,"worker_id":"e82516cf-8304-4c1c-ad14-1e3d94ab0378-8728161344","trial_id":71,"param_name":"hidden_dim","param_value_internal":196.0,"distribution":"{\"name\": \"IntDistribution\", \"attributes\": {\"log\": false, \"step\": 1, \"low\": 4, \"high\": 512}}"}
{"op_code":6,"worker_id":"e82516cf-8304-4c1c-ad14-1e3d94ab0378-8728161344","trial_id":71,"state":1,"values":[0.18828001916408538],"datetime_complete":"2026-06-07T20:28:09.367558"}
{"op_code":4,"worker_id":"e82516cf-8304-4c1c-ad14-1e3d94ab0378-8728161344","study_id":0,"datetime_start":"2026-06-07T20:28:09.368932"}
{"op_code":5,"worker_id":"e82516cf-8304-4c1c-ad14-1e3d94ab0378-8728161344","trial_id":72,"param_name":"lr","param_value_internal":0.004401328097325524,"distribution":"{\"name\": \"FloatDistribution\", \"attributes\": {\"step\": null, \"low\": 1e-05, \"high\": 0.1, \"log\": true}}"}
{"op_code":5,"worker_id":"e82516cf-8304-4c1c-ad14-1e3d94ab0378-8728161344","trial_id":72,"param_name":"batch_size","param_value_internal":3874.0,"distribution":"{\"name\": \"IntDistribution\", \"attributes\": {\"log\": false, \"step\": 1, \"low\": 32, \"high\": 4096}}"}
{"op_code":5,"worker_id":"e82516cf-8304-4c1c-ad14-1e3d94ab0378-8728161344","trial_id":72,"param_name":"n_hidden","param_value_internal":1.0,"distribution":"{\"name\": \"IntDistribution\", \"attributes\": {\"log\": false, \"step\": 1, \"low\": 1, \"high\": 16}}"}
{"op_code":5,"worker_id":"e82516cf-8304-4c1c-ad14-1e3d94ab0378-8728161344","trial_id":72,"param_name":"hidden_dim","param_value_internal":149.0,"distribution":"{\"name\": \"IntDistribution\", \"attributes\": {\"log\": false, \"step\": 1, \"low\": 4, \"high\": 512}}"}
{"op_code":6,"worker_id":"e82516cf-8304-4c1c-ad14-1e3d94ab0378-8728161344","trial_id":72,"state":1,"values":[0.1863045185804367],"datetime_complete":"2026-06-07T20:28:19.797946"}
{"op_code":4,"worker_id":"e82516cf-8304-4c1c-ad14-1e3d94ab0378-8728161344","study_id":0,"datetime_start":"2026-06-07T20:28:19.799302"}
{"op_code":5,"worker_id":"e82516cf-8304-4c1c-ad14-1e3d94ab0378-8728161344","trial_id":73,"param_name":"lr","param_value_internal":0.010376560457811747,"distribution":"{\"name\": \"FloatDistribution\", \"attributes\": {\"step\": null, \"low\": 1e-05, \"high\": 0.1, \"log\": true}}"}
{"op_code":5,"worker_id":"e82516cf-8304-4c1c-ad14-1e3d94ab0378-8728161344","trial_id":73,"param_name":"batch_size","param_value_internal":3169.0,"distribution":"{\"name\": \"IntDistribution\", \"attributes\": {\"log\": false, \"step\": 1, \"low\": 32, \"high\": 4096}}"}
{"op_code":5,"worker_id":"e82516cf-8304-4c1c-ad14-1e3d94ab0378-8728161344","trial_id":73,"param_name":"n_hidden","param_value_internal":2.0,"distribution":"{\"name\": \"IntDistribution\", \"attributes\": {\"log\": false, \"step\": 1, \"low\": 1, \"high\": 16}}"}
{"op_code":5,"worker_id":"e82516cf-8304-4c1c-ad14-1e3d94ab0378-8728161344","trial_id":73,"param_name":"hidden_dim","param_value_internal":226.0,"distribution":"{\"name\": \"IntDistribution\", \"attributes\": {\"log\": false, \"step\": 1, \"low\": 4, \"high\": 512}}"}
{"op_code":6,"worker_id":"e82516cf-8304-4c1c-ad14-1e3d94ab0378-8728161344","trial_id":73,"state":1,"values":[0.18685197532176973],"datetime_complete":"2026-06-07T20:28:30.308349"}
{"op_code":4,"worker_id":"e82516cf-8304-4c1c-ad14-1e3d94ab0378-8728161344","study_id":0,"datetime_start":"2026-06-07T20:28:30.309678"}
{"op_code":5,"worker_id":"e82516cf-8304-4c1c-ad14-1e3d94ab0378-8728161344","trial_id":74,"param_name":"lr","param_value_internal":0.0020047278646246054,"distribution":"{\"name\": \"FloatDistribution\", \"attributes\": {\"step\": null, \"low\": 1e-05, \"high\": 0.1, \"log\": true}}"}
{"op_code":5,"worker_id":"e82516cf-8304-4c1c-ad14-1e3d94ab0378-8728161344","trial_id":74,"param_name":"batch_size","param_value_internal":3715.0,"distribution":"{\"name\": \"IntDistribution\", \"attributes\": {\"log\": false, \"step\": 1, \"low\": 32, \"high\": 4096}}"}
{"op_code":5,"worker_id":"e82516cf-8304-4c1c-ad14-1e3d94ab0378-8728161344","trial_id":74,"param_name":"n_hidden","param_value_internal":1.0,"distribution":"{\"name\": \"IntDistribution\", \"attributes\": {\"log\": false, \"step\": 1, \"low\": 1, \"high\": 16}}"}
{"op_code":5,"worker_id":"e82516cf-8304-4c1c-ad14-1e3d94ab0378-8728161344","trial_id":74,"param_name":"hidden_dim","param_value_internal":316.0,"distribution":"{\"name\": \"IntDistribution\", \"attributes\": {\"log\": false, \"step\": 1, \"low\": 4, \"high\": 512}}"}
{"op_code":6,"worker_id":"e82516cf-8304-4c1c-ad14-1e3d94ab0378-8728161344","trial_id":74,"state":1,"values":[0.18655544519424438],"datetime_complete":"2026-06-07T20:28:40.834347"}
{"op_code":4,"worker_id":"e82516cf-8304-4c1c-ad14-1e3d94ab0378-8728161344","study_id":0,"datetime_start":"2026-06-07T20:28:40.835783"}
{"op_code":5,"worker_id":"e82516cf-8304-4c1c-ad14-1e3d94ab0378-8728161344","trial_id":75,"param_name":"lr","param_value_internal":0.006135139460257885,"distribution":"{\"name\": \"FloatDistribution\", \"attributes\": {\"step\": null, \"low\": 1e-05, \"high\": 0.1, \"log\": true}}"}
{"op_code":5,"worker_id":"e82516cf-8304-4c1c-ad14-1e3d94ab0378-8728161344","trial_id":75,"param_name":"batch_size","param_value_internal":3988.0,"distribution":"{\"name\": \"IntDistribution\", \"attributes\": {\"log\": false, \"step\": 1, \"low\": 32, \"high\": 4096}}"}
{"op_code":5,"worker_id":"e82516cf-8304-4c1c-ad14-1e3d94ab0378-8728161344","trial_id":75,"param_name":"n_hidden","param_value_internal":3.0,"distribution":"{\"name\": \"IntDistribution\", \"attributes\": {\"log\": false, \"step\": 1, \"low\": 1, \"high\": 16}}"}
{"op_code":5,"worker_id":"e82516cf-8304-4c1c-ad14-1e3d94ab0378-8728161344","trial_id":75,"param_name":"hidden_dim","param_value_internal":40.0,"distribution":"{\"name\": \"IntDistribution\", \"attributes\": {\"log\": false, \"step\": 1, \"low\": 4, \"high\": 512}}"}
{"op_code":6,"worker_id":"e82516cf-8304-4c1c-ad14-1e3d94ab0378-8728161344","trial_id":75,"state":1,"values":[0.18969233334064484],"datetime_complete":"2026-06-07T20:28:51.570201"}
{"op_code":4,"worker_id":"e82516cf-8304-4c1c-ad14-1e3d94ab0378-8728161344","study_id":0,"datetime_start":"2026-06-07T20:28:51.571457"}
{"op_code":5,"worker_id":"e82516cf-8304-4c1c-ad14-1e3d94ab0378-8728161344","trial_id":76,"param_name":"lr","param_value_internal":0.0032299664948624083,"distribution":"{\"name\": \"FloatDistribution\", \"attributes\": {\"step\": null, \"low\": 1e-05, \"high\": 0.1, \"log\": true}}"}
{"op_code":5,"worker_id":"e82516cf-8304-4c1c-ad14-1e3d94ab0378-8728161344","trial_id":76,"param_name":"batch_size","param_value_internal":3830.0,"distribution":"{\"name\": \"IntDistribution\", \"attributes\": {\"log\": false, \"step\": 1, \"low\": 32, \"high\": 4096}}"}
{"op_code":5,"worker_id":"e82516cf-8304-4c1c-ad14-1e3d94ab0378-8728161344","trial_id":76,"param_name":"n_hidden","param_value_internal":1.0,"distribution":"{\"name\": \"IntDistribution\", \"attributes\": {\"log\": false, \"step\": 1, \"low\": 1, \"high\": 16}}"}
{"op_code":5,"worker_id":"e82516cf-8304-4c1c-ad14-1e3d94ab0378-8728161344","trial_id":76,"param_name":"hidden_dim","param_value_internal":247.0,"distribution":"{\"name\": \"IntDistribution\", \"attributes\": {\"log\": false, \"step\": 1, \"low\": 4, \"high\": 512}}"}
{"op_code":6,"worker_id":"e82516cf-8304-4c1c-ad14-1e3d94ab0378-8728161344","trial_id":76,"state":1,"values":[0.18415091633796693],"datetime_complete":"2026-06-07T20:29:02.439057"}
{"op_code":4,"worker_id":"e82516cf-8304-4c1c-ad14-1e3d94ab0378-8728161344","study_id":0,"datetime_start":"2026-06-07T20:29:02.440462"}
{"op_code":5,"worker_id":"e82516cf-8304-4c1c-ad14-1e3d94ab0378-8728161344","trial_id":77,"param_name":"lr","param_value_internal":0.0010711469020575639,"distribution":"{\"name\": \"FloatDistribution\", \"attributes\": {\"step\": null, \"low\": 1e-05, \"high\": 0.1, \"log\": true}}"}
{"op_code":5,"worker_id":"e82516cf-8304-4c1c-ad14-1e3d94ab0378-8728161344","trial_id":77,"param_name":"batch_size","param_value_internal":2967.0,"distribution":"{\"name\": \"IntDistribution\", \"attributes\": {\"log\": false, \"step\": 1, \"low\": 32, \"high\": 4096}}"}
{"op_code":5,"worker_id":"e82516cf-8304-4c1c-ad14-1e3d94ab0378-8728161344","trial_id":77,"param_name":"n_hidden","param_value_internal":2.0,"distribution":"{\"name\": \"IntDistribution\", \"attributes\": {\"log\": false, \"step\": 1, \"low\": 1, \"high\": 16}}"}
{"op_code":5,"worker_id":"e82516cf-8304-4c1c-ad14-1e3d94ab0378-8728161344","trial_id":77,"param_name":"hidden_dim","param_value_internal":244.0,"distribution":"{\"name\": \"IntDistribution\", \"attributes\": {\"log\": false, \"step\": 1, \"low\": 4, \"high\": 512}}"}
{"op_code":6,"worker_id":"e82516cf-8304-4c1c-ad14-1e3d94ab0378-8728161344","trial_id":77,"state":1,"values":[0.19013327956199647],"datetime_complete":"2026-06-07T20:29:13.044046"}
{"op_code":4,"worker_id":"e82516cf-8304-4c1c-ad14-1e3d94ab0378-8728161344","study_id":0,"datetime_start":"2026-06-07T20:29:13.045495"}
{"op_code":5,"worker_id":"e82516cf-8304-4c1c-ad14-1e3d94ab0378-8728161344","trial_id":78,"param_name":"lr","param_value_internal":0.0026822636426380745,"distribution":"{\"name\": \"FloatDistribution\", \"attributes\": {\"step\": null, \"low\": 1e-05, \"high\": 0.1, \"log\": true}}"}
{"op_code":5,"worker_id":"e82516cf-8304-4c1c-ad14-1e3d94ab0378-8728161344","trial_id":78,"param_name":"batch_size","param_value_internal":3587.0,"distribution":"{\"name\": \"IntDistribution\", \"attributes\": {\"log\": false, \"step\": 1, \"low\": 32, \"high\": 4096}}"}
{"op_code":5,"worker_id":"e82516cf-8304-4c1c-ad14-1e3d94ab0378-8728161344","trial_id":78,"param_name":"n_hidden","param_value_internal":5.0,"distribution":"{\"name\": \"IntDistribution\", \"attributes\": {\"log\": false, \"step\": 1, \"low\": 1, \"high\": 16}}"}
{"op_code":5,"worker_id":"e82516cf-8304-4c1c-ad14-1e3d94ab0378-8728161344","trial_id":78,"param_name":"hidden_dim","param_value_internal":266.0,"distribution":"{\"name\": \"IntDistribution\", \"attributes\": {\"log\": false, \"step\": 1, \"low\": 4, \"high\": 512}}"}
{"op_code":6,"worker_id":"e82516cf-8304-4c1c-ad14-1e3d94ab0378-8728161344","trial_id":78,"state":1,"values":[0.19005870521068574],"datetime_complete":"2026-06-07T20:29:24.244325"}
{"op_code":4,"worker_id":"e82516cf-8304-4c1c-ad14-1e3d94ab0378-8728161344","study_id":0,"datetime_start":"2026-06-07T20:29:24.245833"}
{"op_code":5,"worker_id":"e82516cf-8304-4c1c-ad14-1e3d94ab0378-8728161344","trial_id":79,"param_name":"lr","param_value_internal":0.005984164143271276,"distribution":"{\"name\": \"FloatDistribution\", \"attributes\": {\"step\": null, \"low\": 1e-05, \"high\": 0.1, \"log\": true}}"}
{"op_code":5,"worker_id":"e82516cf-8304-4c1c-ad14-1e3d94ab0378-8728161344","trial_id":79,"param_name":"batch_size","param_value_internal":3837.0,"distribution":"{\"name\": \"IntDistribution\", \"attributes\": {\"log\": false, \"step\": 1, \"low\": 32, \"high\": 4096}}"}
{"op_code":5,"worker_id":"e82516cf-8304-4c1c-ad14-1e3d94ab0378-8728161344","trial_id":79,"param_name":"n_hidden","param_value_internal":3.0,"distribution":"{\"name\": \"IntDistribution\", \"attributes\": {\"log\": false, \"step\": 1, \"low\": 1, \"high\": 16}}"}
{"op_code":5,"worker_id":"e82516cf-8304-4c1c-ad14-1e3d94ab0378-8728161344","trial_id":79,"param_name":"hidden_dim","param_value_internal":297.0,"distribution":"{\"name\": \"IntDistribution\", \"attributes\": {\"log\": false, \"step\": 1, \"low\": 4, \"high\": 512}}"}
{"op_code":6,"worker_id":"e82516cf-8304-4c1c-ad14-1e3d94ab0378-8728161344","trial_id":79,"state":1,"values":[0.18906089365482331],"datetime_complete":"2026-06-07T20:29:34.560106"}
{"op_code":4,"worker_id":"e82516cf-8304-4c1c-ad14-1e3d94ab0378-8728161344","study_id":0,"datetime_start":"2026-06-07T20:29:34.561436"}
{"op_code":5,"worker_id":"e82516cf-8304-4c1c-ad14-1e3d94ab0378-8728161344","trial_id":80,"param_name":"lr","param_value_internal":0.021172840454610407,"distribution":"{\"name\": \"FloatDistribution\", \"attributes\": {\"step\": null, \"low\": 1e-05, \"high\": 0.1, \"log\": true}}"}
{"op_code":5,"worker_id":"e82516cf-8304-4c1c-ad14-1e3d94ab0378-8728161344","trial_id":80,"param_name":"batch_size","param_value_internal":3707.0,"distribution":"{\"name\": \"IntDistribution\", \"attributes\": {\"log\": false, \"step\": 1, \"low\": 32, \"high\": 4096}}"}
{"op_code":5,"worker_id":"e82516cf-8304-4c1c-ad14-1e3d94ab0378-8728161344","trial_id":80,"param_name":"n_hidden","param_value_internal":1.0,"distribution":"{\"name\": \"IntDistribution\", \"attributes\": {\"log\": false, \"step\": 1, \"low\": 1, \"high\": 16}}"}
{"op_code":5,"worker_id":"e82516cf-8304-4c1c-ad14-1e3d94ab0378-8728161344","trial_id":80,"param_name":"hidden_dim","param_value_internal":184.0,"distribution":"{\"name\": \"IntDistribution\", \"attributes\": {\"log\": false, \"step\": 1, \"low\": 4, \"high\": 512}}"}
{"op_code":6,"worker_id":"e82516cf-8304-4c1c-ad14-1e3d94ab0378-8728161344","trial_id":80,"state":1,"values":[0.18807069957256317],"datetime_complete":"2026-06-07T20:29:44.812487"}
{"op_code":4,"worker_id":"e82516cf-8304-4c1c-ad14-1e3d94ab0378-8728161344","study_id":0,"datetime_start":"2026-06-07T20:29:44.813923"}
{"op_code":5,"worker_id":"e82516cf-8304-4c1c-ad14-1e3d94ab0378-8728161344","trial_id":81,"param_name":"lr","param_value_internal":0.0034518770590429805,"distribution":"{\"name\": \"FloatDistribution\", \"attributes\": {\"step\": null, \"low\": 1e-05, \"high\": 0.1, \"log\": true}}"}
{"op_code":5,"worker_id":"e82516cf-8304-4c1c-ad14-1e3d94ab0378-8728161344","trial_id":81,"param_name":"batch_size","param_value_internal":3990.0,"distribution":"{\"name\": \"IntDistribution\", \"attributes\": {\"log\": false, \"step\": 1, \"low\": 32, \"high\": 4096}}"}
{"op_code":5,"worker_id":"e82516cf-8304-4c1c-ad14-1e3d94ab0378-8728161344","trial_id":81,"param_name":"n_hidden","param_value_internal":1.0,"distribution":"{\"name\": \"IntDistribution\", \"attributes\": {\"log\": false, \"step\": 1, \"low\": 1, \"high\": 16}}"}
{"op_code":5,"worker_id":"e82516cf-8304-4c1c-ad14-1e3d94ab0378-8728161344","trial_id":81,"param_name":"hidden_dim","param_value_internal":211.0,"distribution":"{\"name\": \"IntDistribution\", \"attributes\": {\"log\": false, \"step\": 1, \"low\": 4, \"high\": 512}}"}
{"op_code":6,"worker_id":"e82516cf-8304-4c1c-ad14-1e3d94ab0378-8728161344","trial_id":81,"state":1,"values":[0.18586135804653167],"datetime_complete":"2026-06-07T20:29:54.980762"}
{"op_code":4,"worker_id":"e82516cf-8304-4c1c-ad14-1e3d94ab0378-8728161344","study_id":0,"datetime_start":"2026-06-07T20:29:54.982094"}
{"op_code":5,"worker_id":"e82516cf-8304-4c1c-ad14-1e3d94ab0378-8728161344","trial_id":82,"param_name":"lr","param_value_internal":0.0022719712549531547,"distribution":"{\"name\": \"FloatDistribution\", \"attributes\": {\"step\": null, \"low\": 1e-05, \"high\": 0.1, \"log\": true}}"}
{"op_code":5,"worker_id":"e82516cf-8304-4c1c-ad14-1e3d94ab0378-8728161344","trial_id":82,"param_name":"batch_size","param_value_internal":4065.0,"distribution":"{\"name\": \"IntDistribution\", \"attributes\": {\"log\": false, \"step\": 1, \"low\": 32, \"high\": 4096}}"}
{"op_code":5,"worker_id":"e82516cf-8304-4c1c-ad14-1e3d94ab0378-8728161344","trial_id":82,"param_name":"n_hidden","param_value_internal":2.0,"distribution":"{\"name\": \"IntDistribution\", \"attributes\": {\"log\": false, \"step\": 1, \"low\": 1, \"high\": 16}}"}
{"op_code":5,"worker_id":"e82516cf-8304-4c1c-ad14-1e3d94ab0378-8728161344","trial_id":82,"param_name":"hidden_dim","param_value_internal":162.0,"distribution":"{\"name\": \"IntDistribution\", \"attributes\": {\"log\": false, \"step\": 1, \"low\": 4, \"high\": 512}}"}
{"op_code":6,"worker_id":"e82516cf-8304-4c1c-ad14-1e3d94ab0378-8728161344","trial_id":82,"state":1,"values":[0.18762329816818238],"datetime_complete":"2026-06-07T20:30:05.940569"}
{"op_code":4,"worker_id":"e82516cf-8304-4c1c-ad14-1e3d94ab0378-8728161344","study_id":0,"datetime_start":"2026-06-07T20:30:05.942059"}
{"op_code":5,"worker_id":"e82516cf-8304-4c1c-ad14-1e3d94ab0378-8728161344","trial_id":83,"param_name":"lr","param_value_internal":0.00479456622059055,"distribution":"{\"name\": \"FloatDistribution\", \"attributes\": {\"step\": null, \"low\": 1e-05, \"high\": 0.1, \"log\": true}}"}
{"op_code":5,"worker_id":"e82516cf-8304-4c1c-ad14-1e3d94ab0378-8728161344","trial_id":83,"param_name":"batch_size","param_value_internal":4095.0,"distribution":"{\"name\": \"IntDistribution\", \"attributes\": {\"log\": false, \"step\": 1, \"low\": 32, \"high\": 4096}}"}
{"op_code":5,"worker_id":"e82516cf-8304-4c1c-ad14-1e3d94ab0378-8728161344","trial_id":83,"param_name":"n_hidden","param_value_internal":1.0,"distribution":"{\"name\": \"IntDistribution\", \"attributes\": {\"log\": false, \"step\": 1, \"low\": 1, \"high\": 16}}"}
{"op_code":5,"worker_id":"e82516cf-8304-4c1c-ad14-1e3d94ab0378-8728161344","trial_id":83,"param_name":"hidden_dim","param_value_internal":233.0,"distribution":"{\"name\": \"IntDistribution\", \"attributes\": {\"log\": false, \"step\": 1, \"low\": 4, \"high\": 512}}"}
{"op_code":6,"worker_id":"e82516cf-8304-4c1c-ad14-1e3d94ab0378-8728161344","trial_id":83,"state":1,"values":[0.18686496913433076],"datetime_complete":"2026-06-07T20:30:16.516533"}
{"op_code":4,"worker_id":"e82516cf-8304-4c1c-ad14-1e3d94ab0378-8728161344","study_id":0,"datetime_start":"2026-06-07T20:30:16.518027"}
{"op_code":5,"worker_id":"e82516cf-8304-4c1c-ad14-1e3d94ab0378-8728161344","trial_id":84,"param_name":"lr","param_value_internal":0.0029693689097434906,"distribution":"{\"name\": \"FloatDistribution\", \"attributes\": {\"step\": null, \"low\": 1e-05, \"high\": 0.1, \"log\": true}}"}
{"op_code":5,"worker_id":"e82516cf-8304-4c1c-ad14-1e3d94ab0378-8728161344","trial_id":84,"param_name":"batch_size","param_value_internal":3892.0,"distribution":"{\"name\": \"IntDistribution\", \"attributes\": {\"log\": false, \"step\": 1, \"low\": 32, \"high\": 4096}}"}
{"op_code":5,"worker_id":"e82516cf-8304-4c1c-ad14-1e3d94ab0378-8728161344","trial_id":84,"param_name":"n_hidden","param_value_internal":2.0,"distribution":"{\"name\": \"IntDistribution\", \"attributes\": {\"log\": false, \"step\": 1, \"low\": 1, \"high\": 16}}"}
{"op_code":5,"worker_id":"e82516cf-8304-4c1c-ad14-1e3d94ab0378-8728161344","trial_id":84,"param_name":"hidden_dim","param_value_internal":252.0,"distribution":"{\"name\": \"IntDistribution\", \"attributes\": {\"log\": false, \"step\": 1, \"low\": 4, \"high\": 512}}"}
{"op_code":6,"worker_id":"e82516cf-8304-4c1c-ad14-1e3d94ab0378-8728161344","trial_id":84,"state":1,"values":[0.18861543834209443],"datetime_complete":"2026-06-07T20:30:27.588550"}
{"op_code":4,"worker_id":"e82516cf-8304-4c1c-ad14-1e3d94ab0378-8728161344","study_id":0,"datetime_start":"2026-06-07T20:30:27.589979"}
{"op_code":5,"worker_id":"e82516cf-8304-4c1c-ad14-1e3d94ab0378-8728161344","trial_id":85,"param_name":"lr","param_value_internal":0.008727690331699768,"distribution":"{\"name\": \"FloatDistribution\", \"attributes\": {\"step\": null, \"low\": 1e-05, \"high\": 0.1, \"log\": true}}"}
{"op_code":5,"worker_id":"e82516cf-8304-4c1c-ad14-1e3d94ab0378-8728161344","trial_id":85,"param_name":"batch_size","param_value_internal":3549.0,"distribution":"{\"name\": \"IntDistribution\", \"attributes\": {\"log\": false, \"step\": 1, \"low\": 32, \"high\": 4096}}"}
{"op_code":5,"worker_id":"e82516cf-8304-4c1c-ad14-1e3d94ab0378-8728161344","trial_id":85,"param_name":"n_hidden","param_value_internal":1.0,"distribution":"{\"name\": \"IntDistribution\", \"attributes\": {\"log\": false, \"step\": 1, \"low\": 1, \"high\": 16}}"}
{"op_code":5,"worker_id":"e82516cf-8304-4c1c-ad14-1e3d94ab0378-8728161344","trial_id":85,"param_name":"hidden_dim","param_value_internal":323.0,"distribution":"{\"name\": \"IntDistribution\", \"attributes\": {\"log\": false, \"step\": 1, \"low\": 4, \"high\": 512}}"}
{"op_code":6,"worker_id":"e82516cf-8304-4c1c-ad14-1e3d94ab0378-8728161344","trial_id":85,"state":1,"values":[0.18796395361423493],"datetime_complete":"2026-06-07T20:30:37.868548"}
{"op_code":4,"worker_id":"e82516cf-8304-4c1c-ad14-1e3d94ab0378-8728161344","study_id":0,"datetime_start":"2026-06-07T20:30:37.869910"}
{"op_code":5,"worker_id":"e82516cf-8304-4c1c-ad14-1e3d94ab0378-8728161344","trial_id":86,"param_name":"lr","param_value_internal":0.0020573285092620372,"distribution":"{\"name\": \"FloatDistribution\", \"attributes\": {\"step\": null, \"low\": 1e-05, \"high\": 0.1, \"log\": true}}"}
{"op_code":5,"worker_id":"e82516cf-8304-4c1c-ad14-1e3d94ab0378-8728161344","trial_id":86,"param_name":"batch_size","param_value_internal":3710.0,"distribution":"{\"name\": \"IntDistribution\", \"attributes\": {\"log\": false, \"step\": 1, \"low\": 32, \"high\": 4096}}"}
{"op_code":5,"worker_id":"e82516cf-8304-4c1c-ad14-1e3d94ab0378-8728161344","trial_id":86,"param_name":"n_hidden","param_value_internal":2.0,"distribution":"{\"name\": \"IntDistribution\", \"attributes\": {\"log\": false, \"step\": 1, \"low\": 1, \"high\": 16}}"}
{"op_code":5,"worker_id":"e82516cf-8304-4c1c-ad14-1e3d94ab0378-8728161344","trial_id":86,"param_name":"hidden_dim","param_value_internal":202.0,"distribution":"{\"name\": \"IntDistribution\", \"attributes\": {\"log\": false, \"step\": 1, \"low\": 4, \"high\": 512}}"}
{"op_code":6,"worker_id":"e82516cf-8304-4c1c-ad14-1e3d94ab0378-8728161344","trial_id":86,"state":1,"values":[0.18645748794078826],"datetime_complete":"2026-06-07T20:30:48.624844"}
{"op_code":4,"worker_id":"e82516cf-8304-4c1c-ad14-1e3d94ab0378-8728161344","study_id":0,"datetime_start":"2026-06-07T20:30:48.626236"}
{"op_code":5,"worker_id":"e82516cf-8304-4c1c-ad14-1e3d94ab0378-8728161344","trial_id":87,"param_name":"lr","param_value_internal":0.006272403112496889,"distribution":"{\"name\": \"FloatDistribution\", \"attributes\": {\"step\": null, \"low\": 1e-05, \"high\": 0.1, \"log\": true}}"}
{"op_code":5,"worker_id":"e82516cf-8304-4c1c-ad14-1e3d94ab0378-8728161344","trial_id":87,"param_name":"batch_size","param_value_internal":3978.0,"distribution":"{\"name\": \"IntDistribution\", \"attributes\": {\"log\": false, \"step\": 1, \"low\": 32, \"high\": 4096}}"}
{"op_code":5,"worker_id":"e82516cf-8304-4c1c-ad14-1e3d94ab0378-8728161344","trial_id":87,"param_name":"n_hidden","param_value_internal":1.0,"distribution":"{\"name\": \"IntDistribution\", \"attributes\": {\"log\": false, \"step\": 1, \"low\": 1, \"high\": 16}}"}
{"op_code":5,"worker_id":"e82516cf-8304-4c1c-ad14-1e3d94ab0378-8728161344","trial_id":87,"param_name":"hidden_dim","param_value_internal":219.0,"distribution":"{\"name\": \"IntDistribution\", \"attributes\": {\"log\": false, \"step\": 1, \"low\": 4, \"high\": 512}}"}
{"op_code":6,"worker_id":"e82516cf-8304-4c1c-ad14-1e3d94ab0378-8728161344","trial_id":87,"state":1,"values":[0.18553472459316253],"datetime_complete":"2026-06-07T20:30:59.108396"}
{"op_code":4,"worker_id":"e82516cf-8304-4c1c-ad14-1e3d94ab0378-8728161344","study_id":0,"datetime_start":"2026-06-07T20:30:59.109838"}
{"op_code":5,"worker_id":"e82516cf-8304-4c1c-ad14-1e3d94ab0378-8728161344","trial_id":88,"param_name":"lr","param_value_internal":0.006790325383137147,"distribution":"{\"name\": \"FloatDistribution\", \"attributes\": {\"step\": null, \"low\": 1e-05, \"high\": 0.1, \"log\": true}}"}
{"op_code":5,"worker_id":"e82516cf-8304-4c1c-ad14-1e3d94ab0378-8728161344","trial_id":88,"param_name":"batch_size","param_value_internal":3798.0,"distribution":"{\"name\": \"IntDistribution\", \"attributes\": {\"log\": false, \"step\": 1, \"low\": 32, \"high\": 4096}}"}
{"op_code":5,"worker_id":"e82516cf-8304-4c1c-ad14-1e3d94ab0378-8728161344","trial_id":88,"param_name":"n_hidden","param_value_internal":2.0,"distribution":"{\"name\": \"IntDistribution\", \"attributes\": {\"log\": false, \"step\": 1, \"low\": 1, \"high\": 16}}"}
{"op_code":5,"worker_id":"e82516cf-8304-4c1c-ad14-1e3d94ab0378-8728161344","trial_id":88,"param_name":"hidden_dim","param_value_internal":220.0,"distribution":"{\"name\": \"IntDistribution\", \"attributes\": {\"log\": false, \"step\": 1, \"low\": 4, \"high\": 512}}"}
{"op_code":6,"worker_id":"e82516cf-8304-4c1c-ad14-1e3d94ab0378-8728161344","trial_id":88,"state":1,"values":[0.18744501769542693],"datetime_complete":"2026-06-07T20:31:09.904054"}
{"op_code":4,"worker_id":"e82516cf-8304-4c1c-ad14-1e3d94ab0378-8728161344","study_id":0,"datetime_start":"2026-06-07T20:31:09.905421"}
{"op_code":5,"worker_id":"e82516cf-8304-4c1c-ad14-1e3d94ab0378-8728161344","trial_id":89,"param_name":"lr","param_value_internal":0.012685456505366961,"distribution":"{\"name\": \"FloatDistribution\", \"attributes\": {\"step\": null, \"low\": 1e-05, \"high\": 0.1, \"log\": true}}"}
{"op_code":5,"worker_id":"e82516cf-8304-4c1c-ad14-1e3d94ab0378-8728161344","trial_id":89,"param_name":"batch_size","param_value_internal":3878.0,"distribution":"{\"name\": \"IntDistribution\", \"attributes\": {\"log\": false, \"step\": 1, \"low\": 32, \"high\": 4096}}"}
{"op_code":5,"worker_id":"e82516cf-8304-4c1c-ad14-1e3d94ab0378-8728161344","trial_id":89,"param_name":"n_hidden","param_value_internal":3.0,"distribution":"{\"name\": \"IntDistribution\", \"attributes\": {\"log\": false, \"step\": 1, \"low\": 1, \"high\": 16}}"}
{"op_code":5,"worker_id":"e82516cf-8304-4c1c-ad14-1e3d94ab0378-8728161344","trial_id":89,"param_name":"hidden_dim","param_value_internal":189.0,"distribution":"{\"name\": \"IntDistribution\", \"attributes\": {\"log\": false, \"step\": 1, \"low\": 4, \"high\": 512}}"}
{"op_code":6,"worker_id":"e82516cf-8304-4c1c-ad14-1e3d94ab0378-8728161344","trial_id":89,"state":1,"values":[0.1915118634700775],"datetime_complete":"2026-06-07T20:31:20.692301"}
{"op_code":4,"worker_id":"e82516cf-8304-4c1c-ad14-1e3d94ab0378-8728161344","study_id":0,"datetime_start":"2026-06-07T20:31:20.693617"}
{"op_code":5,"worker_id":"e82516cf-8304-4c1c-ad14-1e3d94ab0378-8728161344","trial_id":90,"param_name":"lr","param_value_internal":0.0012769156233971878,"distribution":"{\"name\": \"FloatDistribution\", \"attributes\": {\"step\": null, \"low\": 1e-05, \"high\": 0.1, \"log\": true}}"}
{"op_code":5,"worker_id":"e82516cf-8304-4c1c-ad14-1e3d94ab0378-8728161344","trial_id":90,"param_name":"batch_size","param_value_internal":3366.0,"distribution":"{\"name\": \"IntDistribution\", \"attributes\": {\"log\": false, \"step\": 1, \"low\": 32, \"high\": 4096}}"}
{"op_code":5,"worker_id":"e82516cf-8304-4c1c-ad14-1e3d94ab0378-8728161344","trial_id":90,"param_name":"n_hidden","param_value_internal":1.0,"distribution":"{\"name\": \"IntDistribution\", \"attributes\": {\"log\": false, \"step\": 1, \"low\": 1, \"high\": 16}}"}
{"op_code":5,"worker_id":"e82516cf-8304-4c1c-ad14-1e3d94ab0378-8728161344","trial_id":90,"param_name":"hidden_dim","param_value_internal":179.0,"distribution":"{\"name\": \"IntDistribution\", \"attributes\": {\"log\": false, \"step\": 1, \"low\": 4, \"high\": 512}}"}
{"op_code":6,"worker_id":"e82516cf-8304-4c1c-ad14-1e3d94ab0378-8728161344","trial_id":90,"state":1,"values":[0.1885325789451599],"datetime_complete":"2026-06-07T20:31:30.413570"}
{"op_code":4,"worker_id":"e82516cf-8304-4c1c-ad14-1e3d94ab0378-8728161344","study_id":0,"datetime_start":"2026-06-07T20:31:30.415273"}
{"op_code":5,"worker_id":"e82516cf-8304-4c1c-ad14-1e3d94ab0378-8728161344","trial_id":91,"param_name":"lr","param_value_internal":0.004342193325162965,"distribution":"{\"name\": \"FloatDistribution\", \"attributes\": {\"step\": null, \"low\": 1e-05, \"high\": 0.1, \"log\": true}}"}
{"op_code":5,"worker_id":"e82516cf-8304-4c1c-ad14-1e3d94ab0378-8728161344","trial_id":91,"param_name":"batch_size","param_value_internal":3997.0,"distribution":"{\"name\": \"IntDistribution\", \"attributes\": {\"log\": false, \"step\": 1, \"low\": 32, \"high\": 4096}}"}
{"op_code":5,"worker_id":"e82516cf-8304-4c1c-ad14-1e3d94ab0378-8728161344","trial_id":91,"param_name":"n_hidden","param_value_internal":1.0,"distribution":"{\"name\": \"IntDistribution\", \"attributes\": {\"log\": false, \"step\": 1, \"low\": 1, \"high\": 16}}"}
{"op_code":5,"worker_id":"e82516cf-8304-4c1c-ad14-1e3d94ab0378-8728161344","trial_id":91,"param_name":"hidden_dim","param_value_internal":274.0,"distribution":"{\"name\": \"IntDistribution\", \"attributes\": {\"log\": false, \"step\": 1, \"low\": 4, \"high\": 512}}"}
{"op_code":6,"worker_id":"e82516cf-8304-4c1c-ad14-1e3d94ab0378-8728161344","trial_id":91,"state":1,"values":[0.1858010470867157],"datetime_complete":"2026-06-07T20:31:41.888110"}
{"op_code":4,"worker_id":"e82516cf-8304-4c1c-ad14-1e3d94ab0378-8728161344","study_id":0,"datetime_start":"2026-06-07T20:31:41.889682"}
{"op_code":5,"worker_id":"e82516cf-8304-4c1c-ad14-1e3d94ab0378-8728161344","trial_id":92,"param_name":"lr","param_value_internal":0.0057824302432373,"distribution":"{\"name\": \"FloatDistribution\", \"attributes\": {\"step\": null, \"low\": 1e-05, \"high\": 0.1, \"log\": true}}"}
{"op_code":5,"worker_id":"e82516cf-8304-4c1c-ad14-1e3d94ab0378-8728161344","trial_id":92,"param_name":"batch_size","param_value_internal":2123.0,"distribution":"{\"name\": \"IntDistribution\", \"attributes\": {\"log\": false, \"step\": 1, \"low\": 32, \"high\": 4096}}"}
{"op_code":5,"worker_id":"e82516cf-8304-4c1c-ad14-1e3d94ab0378-8728161344","trial_id":92,"param_name":"n_hidden","param_value_internal":1.0,"distribution":"{\"name\": \"IntDistribution\", \"attributes\": {\"log\": false, \"step\": 1, \"low\": 1, \"high\": 16}}"}
{"op_code":5,"worker_id":"e82516cf-8304-4c1c-ad14-1e3d94ab0378-8728161344","trial_id":92,"param_name":"hidden_dim","param_value_internal":244.0,"distribution":"{\"name\": \"IntDistribution\", \"attributes\": {\"log\": false, \"step\": 1, \"low\": 4, \"high\": 512}}"}
{"op_code":6,"worker_id":"e82516cf-8304-4c1c-ad14-1e3d94ab0378-8728161344","trial_id":92,"state":1,"values":[0.18731771409511566],"datetime_complete":"2026-06-07T20:31:53.763624"}
{"op_code":4,"worker_id":"e82516cf-8304-4c1c-ad14-1e3d94ab0378-8728161344","study_id":0,"datetime_start":"2026-06-07T20:31:53.765031"}
{"op_code":5,"worker_id":"e82516cf-8304-4c1c-ad14-1e3d94ab0378-8728161344","trial_id":93,"param_name":"lr","param_value_internal":0.009564239482931905,"distribution":"{\"name\": \"FloatDistribution\", \"attributes\": {\"step\": null, \"low\": 1e-05, \"high\": 0.1, \"log\": true}}"}
{"op_code":5,"worker_id":"e82516cf-8304-4c1c-ad14-1e3d94ab0378-8728161344","trial_id":93,"param_name":"batch_size","param_value_internal":3984.0,"distribution":"{\"name\": \"IntDistribution\", \"attributes\": {\"log\": false, \"step\": 1, \"low\": 32, \"high\": 4096}}"}
{"op_code":5,"worker_id":"e82516cf-8304-4c1c-ad14-1e3d94ab0378-8728161344","trial_id":93,"param_name":"n_hidden","param_value_internal":1.0,"distribution":"{\"name\": \"IntDistribution\", \"attributes\": {\"log\": false, \"step\": 1, \"low\": 1, \"high\": 16}}"}
{"op_code":5,"worker_id":"e82516cf-8304-4c1c-ad14-1e3d94ab0378-8728161344","trial_id":93,"param_name":"hidden_dim","param_value_internal":171.0,"distribution":"{\"name\": \"IntDistribution\", \"attributes\": {\"log\": false, \"step\": 1, \"low\": 4, \"high\": 512}}"}
{"op_code":6,"worker_id":"e82516cf-8304-4c1c-ad14-1e3d94ab0378-8728161344","trial_id":93,"state":1,"values":[0.18736757934093476],"datetime_complete":"2026-06-07T20:32:04.655925"}
{"op_code":4,"worker_id":"e82516cf-8304-4c1c-ad14-1e3d94ab0378-8728161344","study_id":0,"datetime_start":"2026-06-07T20:32:04.657630"}
{"op_code":5,"worker_id":"e82516cf-8304-4c1c-ad14-1e3d94ab0378-8728161344","trial_id":94,"param_name":"lr","param_value_internal":0.0008720773622098478,"distribution":"{\"name\": \"FloatDistribution\", \"attributes\": {\"step\": null, \"low\": 1e-05, \"high\": 0.1, \"log\": true}}"}
{"op_code":5,"worker_id":"e82516cf-8304-4c1c-ad14-1e3d94ab0378-8728161344","trial_id":94,"param_name":"batch_size","param_value_internal":3887.0,"distribution":"{\"name\": \"IntDistribution\", \"attributes\": {\"log\": false, \"step\": 1, \"low\": 32, \"high\": 4096}}"}
{"op_code":5,"worker_id":"e82516cf-8304-4c1c-ad14-1e3d94ab0378-8728161344","trial_id":94,"param_name":"n_hidden","param_value_internal":2.0,"distribution":"{\"name\": \"IntDistribution\", \"attributes\": {\"log\": false, \"step\": 1, \"low\": 1, \"high\": 16}}"}
{"op_code":5,"worker_id":"e82516cf-8304-4c1c-ad14-1e3d94ab0378-8728161344","trial_id":94,"param_name":"hidden_dim","param_value_internal":229.0,"distribution":"{\"name\": \"IntDistribution\", \"attributes\": {\"log\": false, \"step\": 1, \"low\": 4, \"high\": 512}}"}
{"op_code":6,"worker_id":"e82516cf-8304-4c1c-ad14-1e3d94ab0378-8728161344","trial_id":94,"state":1,"values":[0.18702202737331391],"datetime_complete":"2026-06-07T20:32:15.538987"}
{"op_code":4,"worker_id":"e82516cf-8304-4c1c-ad14-1e3d94ab0378-8728161344","study_id":0,"datetime_start":"2026-06-07T20:32:15.540424"}
{"op_code":5,"worker_id":"e82516cf-8304-4c1c-ad14-1e3d94ab0378-8728161344","trial_id":95,"param_name":"lr","param_value_internal":0.0033453984292217418,"distribution":"{\"name\": \"FloatDistribution\", \"attributes\": {\"step\": null, \"low\": 1e-05, \"high\": 0.1, \"log\": true}}"}
{"op_code":5,"worker_id":"e82516cf-8304-4c1c-ad14-1e3d94ab0378-8728161344","trial_id":95,"param_name":"batch_size","param_value_internal":3660.0,"distribution":"{\"name\": \"IntDistribution\", \"attributes\": {\"log\": false, \"step\": 1, \"low\": 32, \"high\": 4096}}"}
{"op_code":5,"worker_id":"e82516cf-8304-4c1c-ad14-1e3d94ab0378-8728161344","trial_id":95,"param_name":"n_hidden","param_value_internal":2.0,"distribution":"{\"name\": \"IntDistribution\", \"attributes\": {\"log\": false, \"step\": 1, \"low\": 1, \"high\": 16}}"}
{"op_code":5,"worker_id":"e82516cf-8304-4c1c-ad14-1e3d94ab0378-8728161344","trial_id":95,"param_name":"hidden_dim","param_value_internal":290.0,"distribution":"{\"name\": \"IntDistribution\", \"attributes\": {\"log\": false, \"step\": 1, \"low\": 4, \"high\": 512}}"}
{"op_code":6,"worker_id":"e82516cf-8304-4c1c-ad14-1e3d94ab0378-8728161344","trial_id":95,"state":1,"values":[0.18722620904445647],"datetime_complete":"2026-06-07T20:32:27.023548"}
{"op_code":4,"worker_id":"e82516cf-8304-4c1c-ad14-1e3d94ab0378-8728161344","study_id":0,"datetime_start":"2026-06-07T20:32:27.024955"}
{"op_code":5,"worker_id":"e82516cf-8304-4c1c-ad14-1e3d94ab0378-8728161344","trial_id":96,"param_name":"lr","param_value_internal":0.005044016934596647,"distribution":"{\"name\": \"FloatDistribution\", \"attributes\": {\"step\": null, \"low\": 1e-05, \"high\": 0.1, \"log\": true}}"}
{"op_code":5,"worker_id":"e82516cf-8304-4c1c-ad14-1e3d94ab0378-8728161344","trial_id":96,"param_name":"batch_size","param_value_internal":3785.0,"distribution":"{\"name\": \"IntDistribution\", \"attributes\": {\"log\": false, \"step\": 1, \"low\": 32, \"high\": 4096}}"}
{"op_code":5,"worker_id":"e82516cf-8304-4c1c-ad14-1e3d94ab0378-8728161344","trial_id":96,"param_name":"n_hidden","param_value_internal":1.0,"distribution":"{\"name\": \"IntDistribution\", \"attributes\": {\"log\": false, \"step\": 1, \"low\": 1, \"high\": 16}}"}
{"op_code":5,"worker_id":"e82516cf-8304-4c1c-ad14-1e3d94ab0378-8728161344","trial_id":96,"param_name":"hidden_dim","param_value_internal":213.0,"distribution":"{\"name\": \"IntDistribution\", \"attributes\": {\"log\": false, \"step\": 1, \"low\": 4, \"high\": 512}}"}
{"op_code":6,"worker_id":"e82516cf-8304-4c1c-ad14-1e3d94ab0378-8728161344","trial_id":96,"state":1,"values":[0.18487069606781006],"datetime_complete":"2026-06-07T20:32:38.159343"}
{"op_code":4,"worker_id":"e82516cf-8304-4c1c-ad14-1e3d94ab0378-8728161344","study_id":0,"datetime_start":"2026-06-07T20:32:38.160862"}
{"op_code":5,"worker_id":"e82516cf-8304-4c1c-ad14-1e3d94ab0378-8728161344","trial_id":97,"param_name":"lr","param_value_internal":0.005068731322963964,"distribution":"{\"name\": \"FloatDistribution\", \"attributes\": {\"step\": null, \"low\": 1e-05, \"high\": 0.1, \"log\": true}}"}
{"op_code":5,"worker_id":"e82516cf-8304-4c1c-ad14-1e3d94ab0378-8728161344","trial_id":97,"param_name":"batch_size","param_value_internal":3530.0,"distribution":"{\"name\": \"IntDistribution\", \"attributes\": {\"log\": false, \"step\": 1, \"low\": 32, \"high\": 4096}}"}
{"op_code":5,"worker_id":"e82516cf-8304-4c1c-ad14-1e3d94ab0378-8728161344","trial_id":97,"param_name":"n_hidden","param_value_internal":1.0,"distribution":"{\"name\": \"IntDistribution\", \"attributes\": {\"log\": false, \"step\": 1, \"low\": 1, \"high\": 16}}"}
{"op_code":5,"worker_id":"e82516cf-8304-4c1c-ad14-1e3d94ab0378-8728161344","trial_id":97,"param_name":"hidden_dim","param_value_internal":206.0,"distribution":"{\"name\": \"IntDistribution\", \"attributes\": {\"log\": false, \"step\": 1, \"low\": 4, \"high\": 512}}"}
{"op_code":6,"worker_id":"e82516cf-8304-4c1c-ad14-1e3d94ab0378-8728161344","trial_id":97,"state":1,"values":[0.18535175621509553],"datetime_complete":"2026-06-07T20:32:49.281371"}
{"op_code":4,"worker_id":"e82516cf-8304-4c1c-ad14-1e3d94ab0378-8728161344","study_id":0,"datetime_start":"2026-06-07T20:32:49.283111"}
{"op_code":5,"worker_id":"e82516cf-8304-4c1c-ad14-1e3d94ab0378-8728161344","trial_id":98,"param_name":"lr","param_value_internal":0.0017752681390778384,"distribution":"{\"name\": \"FloatDistribution\", \"attributes\": {\"step\": null, \"low\": 1e-05, \"high\": 0.1, \"log\": true}}"}
{"op_code":5,"worker_id":"e82516cf-8304-4c1c-ad14-1e3d94ab0378-8728161344","trial_id":98,"param_name":"batch_size","param_value_internal":3258.0,"distribution":"{\"name\": \"IntDistribution\", \"attributes\": {\"log\": false, \"step\": 1, \"low\": 32, \"high\": 4096}}"}
{"op_code":5,"worker_id":"e82516cf-8304-4c1c-ad14-1e3d94ab0378-8728161344","trial_id":98,"param_name":"n_hidden","param_value_internal":10.0,"distribution":"{\"name\": \"IntDistribution\", \"attributes\": {\"log\": false, \"step\": 1, \"low\": 1, \"high\": 16}}"}
{"op_code":5,"worker_id":"e82516cf-8304-4c1c-ad14-1e3d94ab0378-8728161344","trial_id":98,"param_name":"hidden_dim","param_value_internal":205.0,"distribution":"{\"name\": \"IntDistribution\", \"attributes\": {\"log\": false, \"step\": 1, \"low\": 4, \"high\": 512}}"}
{"op_code":6,"worker_id":"e82516cf-8304-4c1c-ad14-1e3d94ab0378-8728161344","trial_id":98,"state":1,"values":[0.2119348019361496],"datetime_complete":"2026-06-07T20:33:03.574488"}
{"op_code":4,"worker_id":"e82516cf-8304-4c1c-ad14-1e3d94ab0378-8728161344","study_id":0,"datetime_start":"2026-06-07T20:33:03.575952"}
{"op_code":5,"worker_id":"e82516cf-8304-4c1c-ad14-1e3d94ab0378-8728161344","trial_id":99,"param_name":"lr","param_value_internal":0.004476940429620959,"distribution":"{\"name\": \"FloatDistribution\", \"attributes\": {\"step\": null, \"low\": 1e-05, \"high\": 0.1, \"log\": true}}"}
{"op_code":5,"worker_id":"e82516cf-8304-4c1c-ad14-1e3d94ab0378-8728161344","trial_id":99,"param_name":"batch_size","param_value_internal":3538.0,"distribution":"{\"name\": \"IntDistribution\", \"attributes\": {\"log\": false, \"step\": 1, \"low\": 32, \"high\": 4096}}"}
{"op_code":5,"worker_id":"e82516cf-8304-4c1c-ad14-1e3d94ab0378-8728161344","trial_id":99,"param_name":"n_hidden","param_value_internal":13.0,"distribution":"{\"name\": \"IntDistribution\", \"attributes\": {\"log\": false, \"step\": 1, \"low\": 1, \"high\": 16}}"}
{"op_code":5,"worker_id":"e82516cf-8304-4c1c-ad14-1e3d94ab0378-8728161344","trial_id":99,"param_name":"hidden_dim","param_value_internal":191.0,"distribution":"{\"name\": \"IntDistribution\", \"attributes\": {\"log\": false, \"step\": 1, \"low\": 4, \"high\": 512}}"}
{"op_code":6,"worker_id":"e82516cf-8304-4c1c-ad14-1e3d94ab0378-8728161344","trial_id":99,"state":1,"values":[0.2567408472299576],"datetime_complete":"2026-06-07T20:33:18.890010"}
